[
    {
        "pk": 481,
        "model": "movies.Movie",
        "fields": {
            "title": "러시 : 더 라이벌",
            "en_title": "Rush",
            "genres": [9, 1],
            "open_date": "2013-10-09",
            "director": "론 하워드",
            "actors": [23, 897, 898],
            "rated": "청소년 관람불가",
            "summary": "타고난 천재 레이서 제임스 헌트와 철저한 노력파 천재 니키 라우다. 그들은 매 경기마다 라이벌로 부딪히며 치열한 접전을 벌이게 된다. 완벽한 설계로 승부를 완성하는 니키가 자신의 뒤를 바짝 뒤쫓자 스피드만큼은 최고라고 자신했던 제임스는 긴장하게 된다. 그리고 1976년 한치 앞을 내다볼 수 없는 두 천재 레이서의 라이벌 대결에 전 세계의 이목이 집중된 순간, 거센 비가 내리던 죽음의 트랙에서 한 대의 차량이 문제를 일으키며 불길에 휩싸이게 되는데…   역사상 가장 위대했던 두 천재 라이벌 모든 것을 건 세기의 대결이 시작된다!",
            "imageurl": "https://movie-phinf.pstatic.net/20130916_105/137931653663312FzY_JPEG/movie_image.jpg?type=m203_290_2"
        }
    },
    {
        "pk": 482,
        "model": "movies.Movie",
        "fields": {
            "title": "브레이크다운",
            "en_title": "Breakdown",
            "genres": [9, 7],
            "open_date": "1997-09-13",
            "director": "조나단 모스토우",
            "actors": [899],
            "rated": "15세 관람가",
            "summary": "제프(Jeff Taylor: 커트 러셀 분)와 에이미(Amy Taylor: 캐슬린 퀸란)는 메사추세츠에서 샌디에고로 이주하기 위해 긴 여행에 오른다. 가도가도 끝이 없을 듯한 지루한 고속도로를 질주하면서 그들은 낯선 경험을 하게 된다. 지루한 운전을 하던 제프는 잠깐 하눈을 팔다 마주오던 차와 부딪칠 뻔 한다. 바로 이 순간이 사건의 시발점이라는 것을 제프는 전혀 눈치채지 못했다. 주유소에서 험악한 인상의 사나이들과 섬짓한 분위기의 대면이 이루어 지면서 긴장은 시작되고, 이후 사막의 고속도로를 질주하는 동안 그들은 제프의 뒤를 뒤쫓기 시작한다. 주유소에서 출발한지 얼마되지 않아 제프의 차는 갑자기 시동이 꺼져 멈추게 된다. 원인을 알 수 없는 시동정지였다. 먼발치에서는 험악한 사나이들의 시선이 계속되고 막막한 상황에서 절망에 빠졌을 때, 대형컨테이너가 때마침 그들을 돕게 된다. 운전수는 얼마 멀지않은 곳에 휴게소가 있으니 그곳에서 전화를 사용하면 긴급조치를 할 수 있다고 제안한다. 에이미는 아무 의심없이 운전수의 말에 따라 컨테이너를 타고 제프를 떠난다. 아내를 보낸 제프는 누군가의 조작에 의해 시동이 꺼진 것을 뒤늦게 확인하고, 불안 속에 운전수가 말했던 휴게소로 향한다. 그러나 그곳에는 아내는 물론 운전수도 보이지 않았다. 단지 이상한 눈빛의 시선들이 그를 힐끔 힐끔 쳐다보고 있었다. 당황한 제프는 고속도로를 헤매다가 우연히 아내를 태워갔던 컨테이너 운전수를 만난다. 그러나 경찰앞에서도 그는 에이미를 납치해 갔다는 사실을 극구 부인하자 경찰은 증거불충분으로 그를 풀어준다. 격분한 제프는 휴게소에서 아내를 봤다는 정신박약의 청년 말을 따라 그 일행을 쫓는다. 이 청년이 납치범의 일행인 줄도 모르고.",
            "imageurl": "https://movie-phinf.pstatic.net/20130422_200/1366593770536UUFPQ_JPEG/movie_image.jpg?type=m203_290_2"
        }
    },
    {
        "pk": 483,
        "model": "movies.Movie",
        "fields": {
            "title": "가디언",
            "en_title": "The Guardian",
            "genres": [9, 6, 1],
            "open_date": "2006-11-02",
            "director": "앤드루 데이비스",
            "actors": [900, 761],
            "rated": "12세 관람가",
            "summary": "치명적인 사고로 동료를 잃은 전설적인 구조요원 벤 랜달(케빈 코스트너)은 일급 해양구조요원을 양성하는 A 스쿨에서 학생들을 지도하게 된다. 그러던 중 벤 앞에 젊고 건방진 수영 챔피언 제이크 피셔(애쉬튼 커쳐)가 나타난다. 최고가 되려는 야심만으로 뭉친 제이크는 동료를 잃은 슬픔과 맞서기 위해 독특한 방식으로 제자들을 가르치는 벤에게 진정한 훈련을 받게 된다. 훈련 학교를 졸업한 제이크는 랜달을 따라 알라스카의 코디악으로 가게 되는데... 그곳은 위험하기로 악명 높은 베링 해가 있는 곳. 그들의 자존심과 용기를 건 최후의 사투가 시작된다…!",
            "imageurl": "https://movie-phinf.pstatic.net/20111223_135/1324575128249PH8Nt_JPEG/movie_image.jpg?type=m203_290_2"
        }
    },
    {
        "pk": 484,
        "model": "movies.Movie",
        "fields": {
            "title": "다이 하드 3",
            "en_title": "Die Hard With A Vengeance",
            "genres": [9, 16, 7],
            "open_date": "1995-06-10",
            "director": "존 맥티어난",
            "actors": [467, 901],
            "rated": "15세 관람가",
            "summary": "싸이코 테러리스트 사이먼(제레미 아이런스 분)은 백화점을 폭파한 후 제2의 범행을 하겠다고 위협하면서 정직 중인 뉴욕 경찰관 맥클레인(브루스 윌리스 분)을 내놓으라고 요구한다. 사이먼의 협박대로 맥클레인은 흑인가에서 흑인을 미워한다는 간판을 메고 있다가 흑인들에게  죽음을 당하기 직전 같은 흑인인 제우스(사뮤엘 L. 잭슨 분)의 도움으로 살아나고 이때부터 제우스와 행동을 같이한다.  사이먼은 1편에서 맥클레인에게 죽음을 당한 범인의 형으로서 동생의 복수를 위해 맥클레인을 끌어드린 것이다. 사람이 많이 모이는 곳에 폭발물을 설치한 사이몬은 수수께끼를 풀어야만 폭발물을 제거할 수 있도록 만들어 놓아서 맥클레인과 제우스는 그 수수께끼를 풀기위해 뉴욕 시내를 미친듯이 돌아다닌다. 그러나 사이먼은 다시 한번 지하철을 폭파시키고 3번째로 어느학교에 또 폭발물을 설치해 놓았다고 경고한다.  뉴욕의 전 경찰과 FBI가 각 학교마다 성원되어 폭발물을 찾는 동안 사이먼은 연방 준비 은행의 엄청난 금괴를 털어 유유히 사라진다. 사이먼의 음모를 눈치챈  맥클레인은 제우스와 함께 치열한 추격전을 벌인다. 사이먼이 배를 타고 도주하자 맥클레인과 제우스는 그배에 오르지만 오히려 체포된다. 배가 폭파되기 직전 간신히 도망친 두사람은 캐나다 국경을 넘어 도망치는 사이먼 일행을 끝까지 추적하여 끝내 그의 헬기를 폭파시킨다.",
            "imageurl": "https://movie-phinf.pstatic.net/20111222_277/1324559986817WnbYT_JPEG/movie_image.jpg?type=m203_290_2"
        }
    },
    {
        "pk": 485,
        "model": "movies.Movie",
        "fields": {
            "title": "바닐라 스카이",
            "en_title": "Vanilla Sky",
            "genres": [13, 7, 10, 5, 1],
            "open_date": "2001-12-21",
            "director": "카메론 크로우",
            "actors": [129, 512, 152],
            "rated": "청소년 관람불가",
            "summary": "남다른 매력과 탄탄한 재력으로 수많은 여성들의 시선을 한 몸에 받는 데이빗 에임즈. 그는 유력 출판사와 잡지사를 운영하는 와중에 줄리라는 여자를 만나지만 그녀는 단지 섹스 파트너일 뿐이다. 그러던 어느날 데이빗은 자신의 생일 파티에 온 친구 브라이언의 애인 소피아를 보고 한눈에 반한다. 그녀가 바로 자신이 꿈에 그리던 운명의 상대임을 직감하는 데이빗. 소피아 역시 그에게 이끌려 둘은 뜨거운 연인 사이가 된다. 하지만 데이빗에게 버림받은 줄리는 질투와 분노에 사로잡혀 이들을 미행하고, 마침내 데이빗과의 동반자살을 시도한다. 사고 이후 데이빗은 간신히 목숨을 건지지만 자기 얼굴이 알아볼 수 없게 망가진 것을 알고 괴로워한다.",
            "imageurl": "https://movie-phinf.pstatic.net/20111222_213/1324551814303xCeNa_JPEG/movie_image.jpg?type=m203_290_2"
        }
    },
    {
        "pk": 487,
        "model": "movies.Movie",
        "fields": {
            "title": "디 아더스",
            "en_title": "The Others",
            "genres": [13, 4],
            "open_date": "2002-01-11",
            "director": "알레한드로 아메나바르",
            "actors": [123],
            "rated": "12세 관람가",
            "summary": "빛을 보지 못하는 희귀병을 앓는 두 아이와 그런 아이들을 홀로 지키며 어둠 속에서만 살아가는 여인. 어느 날 3명의 새로운 하인이 그녀의 집에 찾아왔다.  잠이 들면 들려 오는 기괴한 속삭임. 아무도 없는 방에서 흘러나오는 피아노 소리. 위 층에서 들려오는 아이들의 발소리…  그들이 이 집에 들어온 뒤, 기이한 일들이 일어나기 시작했다!",
            "imageurl": "https://movie-phinf.pstatic.net/20170822_269/1503367519438tBfFQ_JPEG/movie_image.jpg?type=m203_290_2"
        }
    },
    {
        "pk": 488,
        "model": "movies.Movie",
        "fields": {
            "title": "폰 부스",
            "en_title": "Phone Booth",
            "genres": [13, 7],
            "open_date": "2003-06-13",
            "director": "조엘 슈마허",
            "actors": [641, 904, 735],
            "rated": "12세 관람가",
            "summary": "{뉴욕시의 5개 행정구에는 약800만명의 사람들이 살고 있다. 근방의 교외까지 합치면 전체적으로 1200만명의 사람들이 살고 있으며, 그곳에는 대략 1000만대의 전화기가 서로 연결돼 있다. 50가지가 넘는 전화관련 서비스도 있다. 300만의 뉴욕시민들이 핸드폰 사용자들이다. 사람들이 자기 자신에게 말을 하는게 종종 정신나간 것처럼 보일 때도 있다. 이제 핸드폰은 신분을 상징하고 공중전화를 대체하고 있다. 비록 핸드폰의 사용이 늘어나고 있기는 하지만. 대략 450만의 주민들과 200만의 방문객들은 여전히 공중전화를 유용하게 쓰고 있다. 통계자료에 있는 말이다. 이건 53번가와 8번가 사이에 있는 공중전화 부스이다. 아마도 맨하탄 서쪽에 있는 마지막 비밀의 흔적일 것이다. 이런 타입의 공중전화 중에서 제대로 작동하는 건 이게 마지막이다. 여기서는 매일 300통 이상의 전화가 오고 간다. 이 지역은 지난 6달동안 41번의 강도사건이 일어난 곳이다. 베리존은 내일 아침 8시까지 이 시설물을 철거하고, 신식 스타일의 새 시설물로 교체하는 작업을 하기로 되있었다. 두 블럭이 채 되지 않는 곳에서 마지막으로 이 공중전화를 사용할 사람이 오고 있다.}  뉴욕의 미디어 에이전트 스투 세퍼드가 공중전화 박스에서 통화를 마치고 돌아설 때 그의 뒤에서 벨 소리가 들린다. 무심코 수화기를 든 순간 스투의 예기치 않은 악몽이 시작된다. 전화를 건 정체불명의 남자는 자신이 스투의 일거수 일투족을 근처 건물에서 지켜보고 있으며, 전화를 끊으면 총으로 쏴 죽이겠다고 협박한다. 스투는 정신병자의 장난 전화려니 생각하고 전화를 끊으려고 하지만 그 남자와 얘기할수록 자신이 뭔가 심상치 않은 함정에 빠졌음을 직감적으로 깨닫게 된다. 곧 이어 전화박스에서 나오라며 자신에게 시비를 걸던 사내가 그 남자가 쏜 총에 즉사하는 것을 본 스투는 극한의 공포에 사로잡힌다. 잠시 후, 주변 사람들의 신고를 받고 출동한 경찰은 스투를 살인자로 간주하고 그에게 일제히 총을 겨눈다. 한 순간 스투는 공중전화 박스에 갇혀 정체불명의 남자의 감시를 받으며 경찰과 대치하는 처지가 된다. 한편 이 사건의 지휘를 맡은 라미 형사반장은 대치 상태에서도 계속 수화기를 들고 누군가와 통화를 하는 스투를 심상치 않게 여기고 상대방의 전화번호를 추적하는데.",
            "imageurl": "https://movie-phinf.pstatic.net/20111222_261/1324483660654VlftS_JPEG/movie_image.jpg?type=m203_290_2"
        }
    },
    {
        "pk": 489,
        "model": "movies.Movie",
        "fields": {
            "title": "중독노래방",
            "en_title": "Karaoke Crazies",
            "genres": [13, 2],
            "open_date": "2017-06-15",
            "director": "김상찬",
            "actors": [905, 906, 907],
            "rated": "청소년 관람불가",
            "summary": "손님이라곤 파리 한 마리도 날리지 않는 ‘중독노래방’ 도우미를 구하게 되면서 조금씩 손님이 늘기 시작한다! 그러던 중 연쇄살인범이 나타났단 소문이 돌고,  노래방 사람들의 비밀이 하나씩 밝혀지는데...",
            "imageurl": "https://movie-phinf.pstatic.net/20170609_286/1496986042112JiwO6_JPEG/movie_image.jpg?type=m203_290_2"
        }
    },
    {
        "pk": 490,
        "model": "movies.Movie",
        "fields": {
            "title": "무명인",
            "en_title": "Genome Hazard",
            "genres": [13, 7, 9],
            "open_date": "2014-05-29",
            "director": "김성수",
            "actors": [908, 909],
            "rated": "15세 관람가",
            "summary": "사랑하는 아내와 행복한 삶을 살고 있는 이시가미(니시지마 히데토시 분). 그는 결혼 후 아내와 처음으로 함께 생일을 맞이할 설렘을 안고 집으로 향한다. 부푼 마음을 안고 집에 돌아온 이시가미는 싸늘한 시체가 된 부인을 발견하고 충격에 빠진다.  하지만 죽었다고 생각했던 아내에게서 전화가 걸려오고, 그는 믿을 수 없는 상황에 더 큰 혼란에 빠지고 만다. 사건의 진실을 파헤치던 이시가미는 취재차 도쿄를 방문한 한국 기자 강지원(김효진 분)의 도움을 받게 되지만  자신의 기억이 모두 조작되었다는 사실과 함께 거대한 음모에 휘말리게 되는데…   죽은 아내의 시체 그리고 한 통의 전화. 모든 것이 무너지고, 기억들이 사라진다!",
            "imageurl": "https://movie-phinf.pstatic.net/20140515_291/1400130157056WpBMk_JPEG/movie_image.jpg?type=m203_290_2"
        }
    },
    {
        "pk": 491,
        "model": "movies.Movie",
        "fields": {
            "title": "그랜드 부다페스트 호텔",
            "en_title": "The Grand Budapest Hotel",
            "genres": [13, 6],
            "open_date": "2014-03-20",
            "director": "웨스 앤더슨",
            "actors": [910, 911, 912],
            "rated": "15세 관람가",
            "summary": "1927년 세계대전이 한창이던 어느 날, 세계 최고의 부호 마담 D.가 의문의 살인을 당한다. 유력한 용의자로 지목된 사람은 바로 전설적인 호텔 지배인이자 그녀의 연인 ‘구스타브’! 구스타브는 누명을 벗기 위해 충실한 로비보이 ‘제로’에게 도움을 청하고, 그 사이 구스타브에게 남겨진 마담 D.의 유산을 노리던 그녀의 아들 ‘드미트리’는 무자비한 킬러를 고용해 (그랜드 부다페스트 호텔)을 찾게 되는데…",
            "imageurl": "https://movie-phinf.pstatic.net/20180927_158/1538023433590U7S2w_JPEG/movie_image.jpg?type=m203_290_2"
        }
    },
    {
        "pk": 492,
        "model": "movies.Movie",
        "fields": {
            "title": "미씽: 사라진 여자",
            "en_title": "MISSING",
            "genres": [13, 12, 2],
            "open_date": "2016-11-30",
            "director": "이언희",
            "actors": [538, 913],
            "rated": "15세 관람가",
            "summary": "이혼 후 육아와 생계를 혼자 책임져야 하는 워킹맘 지선은 헌신적으로 딸을 돌봐주는  보모 한매가 있어 늘 다행이라고 생각한다.  어느 날, 퇴근 후 집에 돌아온 지선은 보모 한매와 딸 다은이가 흔적도 없이 사라져 버린 것을 알게 된다.  지선은 뒤늦게 경찰과 가족에게 사실을 알리지만 아무도 그녀의 말을 믿지 않고, 오히려 양육권 소송 중 일으킨 자작극으로 의심한다.   결국 홀로 한매의 흔적을 추적하던 지선은 집 앞을 서성이는 정체불명의 남자와 주변 사람들의 이상한 증언들로 더욱 혼란에 빠지게 되고,  그녀의 실체에 가까워질수록 이름, 나이, 출신 등 모든 것이 거짓이었다는 충격적인 진실을 알게 되는데…",
            "imageurl": "https://movie-phinf.pstatic.net/20161130_126/1480469003419ruzKF_JPEG/movie_image.jpg?type=m203_290_2"
        }
    },
    {
        "pk": 493,
        "model": "movies.Movie",
        "fields": {
            "title": "리스본행 야간열차",
            "en_title": "Nachtzug nach Lissabon, Night Train to Lisbon",
            "genres": [13, 5, 7],
            "open_date": "2014-06-05",
            "director": "빌 어거스트",
            "actors": [901, 914, 915],
            "rated": "15세 관람가",
            "summary": "오랜 시간 고전문헌학을 강의 하며 새로울 게 없는 일상을 살아온 ‘그레고리우스’(제레미 아이언스)는 폭우가 쏟아지던 어느 날, 우연히 위험에 처한 낯선 여인을 구한다. 하지만 그녀는 비에 젖은 붉은 코트와 오래된 책 한 권, 15분 후 출발하는 리스본행 열차 티켓을 남긴 채 홀연히 사라진다. ‘그레고리우스’는 난생 처음 느껴보는 강렬한 끌림으로 의문의 여인과 책의 저자인 ‘아마데우 프라두’(잭 휴스턴)를 찾아 리스본행 야간열차에 몸을 싣게 되는데…",
            "imageurl": "https://movie-phinf.pstatic.net/20140429_190/13987565896642whyg_JPEG/movie_image.jpg?type=m203_290_2"
        }
    },
    {
        "pk": 494,
        "model": "movies.Movie",
        "fields": {
            "title": "데스 노트 - 라스트 네임",
            "en_title": "Death Note: The Last Name",
            "genres": [13, 16, 7, 6],
            "open_date": "2007-01-10",
            "director": "카네코 슈스케",
            "actors": [916, 267],
            "rated": "12세 관람가",
            "summary": "우연히 데스노트를 얻어 키라라는 이름으로 이상세계를 건설하려는 천재 야가미 라이토(후지와라 타츠야)와 미궁에 빠진 키라사건을 담당하게 된 또 다른 천재 L(마츠야마 켄이치). 드디어 대면하게 된 두 천재는 서로의 본심을 숨긴 채 한 사람은 상대방을 죽이기 위해 또 한 사람은 상대방의 정체를 밝혀내기 위해 본격적인 두뇌싸움을 시작한다. 이들의 치열한 공방이 계속되는 가운데, 지상으로 또 한 권의 데스노트가 떨어지고 이 노트를 줍게 된 미사(토다 에리카)는 제2의 키라를 자처한다. 데스노트의 룰에 따라 그녀의 주위를 맴돌게 된 또 다른 사신 렘과의 거래로 미사는 최강의 무기 사신의 눈을 가지게 되고 두 권의 노트로 인해 천재들의 대결은 더욱 끝을 알 수 없는 종국을 향해 치달아 가는 데..",
            "imageurl": "https://movie-phinf.pstatic.net/20111221_53/1324466578403qQ6UQ_JPEG/movie_image.jpg?type=m203_290_2"
        }
    },
    {
        "pk": 495,
        "model": "movies.Movie",
        "fields": {
            "title": "겟 아웃",
            "en_title": "Get Out",
            "genres": [13, 4, 7, 1],
            "open_date": "2017-05-17",
            "director": "조던 필",
            "actors": [917, 918, 919],
            "rated": "15세 관람가",
            "summary": "흑인 남자가 백인 여자친구 집에 초대 받으면서 벌어지는 이야기",
            "imageurl": "https://movie-phinf.pstatic.net/20170512_76/1494564316131VmHQY_JPEG/movie_image.jpg?type=m203_290_2"
        }
    }
]