[
    {
        "pk": 451,
        "model": "movies.Movie",
        "fields": {
            "title": "해바라기",
            "en_title": "Sunflower",
            "genres": [9, 1],
            "open_date": "2006-11-23",
            "director": "강석범",
            "actors": [521, 566, 865],
            "rated": "15세 관람가",
            "summary": "고교 중퇴 후 맨주먹으로 거리의 양아치들을 싹 쓸어버렸던 오태식(김래원). 술먹으면 개가 되고 싸움을 했다하면 피를 본다는 그는 칼도 피도 무서워 하지 않는 잔혹함으로 ‘미친 개’라고 불렸다. 그가 가석방되었다. 태식이 괴롭혔던 민석은 형사가 되었고 태식의 시다바리였던 양기와 창무는 서로 적이 되었기에 사람들은 서로 다른 이유로 긴장한다. 그러나 태식은 그들과의 앙금은 모른다는 듯 손에 낡은 수첩 하나를 쥐고 그 안에 적힌 하고 싶은 일들을 해나간다. 목욕탕도 가고, 호두과자도 먹고, 문신도 지우고... 그 수첩은 그가 감옥에서 소망한 하고 싶은 일들뿐 아니라 앞으로 지켜야 할 세 가지 약속도 적혀있다. ‘술마시지 않는다’, ‘싸우지 않는다’, ‘울지 않는다’...  그 수첩을 줬던 덕자(김해숙)를 찾아가는 태식. 덕자는 피 한 방울 섞이지 않은 그를 친아들 이상으로 따뜻하게 맞아준다. 모르는 남자를 환대하는 영문을 몰라 어이없어 하며 태식에게 틱틱거리는, 그러나 왠지 밉지 않은 아줌마의 딸 희주(허이재). 이제 태식은 그들과 함께 희망으로, 새로운 삶을 시작하려한다. 그러나 해바라기 식당 모녀를 제외한 모두는 태식을 믿지 않는다. 그리고 그 차가운 불신의 끝에서 아무도 상상 못 한 절망의 역습이 시작되고 있었다...희망은, 이루어질까?",
            "imageurl": "https://movie-phinf.pstatic.net/20111222_49/1324559296530Ns2Xc_JPEG/movie_image.jpg?type=m203_290_2"
        }
    },
    {
        "pk": 452,
        "model": "movies.Movie",
        "fields": {
            "title": "아저씨",
            "en_title": "The Man from Nowhere",
            "genres": [9, 16, 1],
            "open_date": "2010-08-04",
            "director": "이정범",
            "actors": [866, 867],
            "rated": "청소년 관람불가",
            "summary": "불행한 사건으로 아내를 잃고 세상을 등진 채 전당포를 꾸려가며 외롭게 살아가는 전직 특수요원 태식. 찾아오는 사람이라곤 전당포에 물건을 맡기러 오는 사람들과 옆집소녀 소미뿐이다. 세상으로부터 버림받은 소미와 함께 보내는 시간이 많아지면서 태식과 소미는 서로 마음을 열며 친구가 되어간다. 그러던 어느 날 소미가 갑자기 사라진다. 소미 엄마가 범죄사건에 연루되면서 같이 납치되고 만 것이다. 소미의 행방을 쫓아 다시 세상 밖으로 나오게 된 태식. 단 하나뿐인 친구인 소미를 위험에서 지켜내기 위해 범죄조직과 모종의 거래를 하지만 소미의 행방은 여전히 묘연하고, 경찰이 태식을 뒤쫓기 시작하면서 태식은 범죄조직과 경찰 양 쪽의 추격을 받게 된다. 그 과정에서 베일에 싸여 있던 태식의 비밀스런 과거도 드러나기 시작하는데…..",
            "imageurl": "https://movie-phinf.pstatic.net/20111223_67/1324619531349Xc7vj_JPEG/movie_image.jpg?type=m203_290_2"
        }
    },
    {
        "pk": 453,
        "model": "movies.Movie",
        "fields": {
            "title": "백발마녀전",
            "en_title": "白髮魔女傳: The Bride With White Hair",
            "genres": [9, 4, 7, 1],
            "open_date": "1993-09-25",
            "director": "우인태",
            "actors": [91, 286],
            "rated": "15세 관람가",
            "summary": "중국 명나라 말기. 고아인 탁일항은 중원 8대 문파 중 하나인 무당파의 맹주 자양진 밑에서 무술을 익히고, 후계자로서 기대를 받으며 자란다. 어느 날 늑대의 공격을 받아 도망가던 중 한 소녀의 도움을 받는다. 이후 시간이 흘러 외족의 침입을 받은 명나라의 분위기는 어지럽고 몸이 붙어 태어난 기형 인물인 길무상의 마교가 세력을 넓히며 중원을 치려는 야욕을 품는다. 길무상은 늑대 무리에서 자란 소녀를 키우며 무공을 가르쳐서 살인 도구로 이용하려고 하는데…",
            "imageurl": "https://movie-phinf.pstatic.net/20170407_257/1491541969947Obqa8_JPEG/movie_image.jpg?type=m203_290_2"
        }
    },
    {
        "pk": 454,
        "model": "movies.Movie",
        "fields": {
            "title": "페이스 오프",
            "en_title": "Face/Off",
            "genres": [9],
            "open_date": "1997-08-09",
            "director": "오우삼",
            "actors": [868, 325],
            "rated": "15세 관람가",
            "summary": "불굴의 FBI요원인 숀 아처(Sean Archer: 존 트라볼타 분)는 자신의 어린 아들인 마이키를 죽인 냉혹한 범죄자이자 L.A. 어딘가에 생화학 폭탄을 장착해둔 악독한 청부 테러범인 캐스터 트로이(Castor Troy: 니콜라스 케이지 분)를 생포해야만 한다. LA를 통째로 날려버릴 수 있는 엄청난 비극을 막아내야만 하기 때문이다. 몇 차례의 격돌 끝에 숀은 국외로 탈출하려던 트로이를 생포하지만 체포된 순간 캐스터는 코마에 빠져서 의식불명이 되어버린다. 촌각을 다투는 가운데 폭탄제거 임무를 위하여 숀은 FBI의 첨단 의학 기술진의 도움을 받아 트로이의 얼굴을 통째로 떠내어 자신의 얼굴에 이식시킨 다음 감옥에 수감중인 캐스터의 동생(Pollux Troy: 알렉산드로 니볼라 분)으로부터 정보를 캐내기 위하여 죄수로 위장하여 감옥에 들어간다. 숀의 변신을 모르는 간수들은 숀을 혹독하게 다룬다.  한편 코마에 빠져 있던 캐스터는 의식을 회복한 뒤 자신의 얼굴이 통째로 떼어내진 사실을 알고 분노하여 FBI의 의료진을 위협하여 역시 통째로 떼내어 염수에 보관되어 있던 숀의 얼굴을 자신의 얼굴에 이식한 후 비밀을 알고 있는 FBI 요원들을 무참히 살해한다. FBI 요원 숀으로 변신한 트로이는 이제 숀의 가정과 직장에서 숀의 인생을 철저하게 파멸시키기 시작한다. 시한폭탄의 초침이 어김없이 돌아가고 있는 가운데 숀이 FBI요원이라는 사실을 알고 있는 극소수의 FBI요원들이 캐스터에게 살해당한 사실을 안 숀은 그의 신분을 노출시키려고 하지만 사실을 알 턱이 없는 간수들은 혹독하게 그를 다룬다.  숀은 가까스로 감옥을 탈출한다. 경찰과 FBI의 삼엄한 추격 속에 숀은 캐스터의 아지트에 잠입하여 신변의 보호를 받지만 숀으로 위장한 캐스터의 지시를 받은 특전반이 출동하여 숀이 숨어있는 캐스터의 아지트를 벌집으로 만들어버린다. 자신의 목숨이 날아갈 수도 있는 위기 상황에서도 숀은 캐스터의 어린 아들이 사살되는 것을 막기 위하여 몸을 아끼지 않는다. 숀의 죽은 아들 마이키의 생일날 숀과 캐스터는 마침내 필살의 격돌 상황에 직면한다. FBI와 캐스터의 테러 범죄단이 격돌하고 숀과 캐스터의 본래의 신분이 위협받는 가운데 숀과 캐스터는 서로에게 마지막을 예고하는 총구를 들이대는데.",
            "imageurl": "https://movie-phinf.pstatic.net/20111221_276/1324478294709bFeIq_JPEG/movie_image.jpg?type=m203_290_2"
        }
    },
    {
        "pk": 455,
        "model": "movies.Movie",
        "fields": {
            "title": "인셉션",
            "en_title": "Inception",
            "genres": [9, 6, 10, 7],
            "open_date": "2010-07-21",
            "director": "크리스토퍼 놀란",
            "actors": [377, 869, 327],
            "rated": "12세 관람가",
            "summary": "드림머신이라는 기계로 타인의 꿈과 접속해 생각을 빼낼 수 있는 미래사회. ‘돔 코브’(레오나르도 디카프리오)는 생각을 지키는 특수보안요원이면서 또한 최고의 실력으로 생각을 훔치는 도둑이다. 우연한 사고로 국제적인 수배자가 된 그는 기업간의 전쟁 덕에 모든 것을 되찾을 수 있는 기회를 얻게 된다. 하지만 임무는 머릿속의 정보를 훔쳐내는 것이 아니라, 반대로 머릿속에 정보를 입력시켜야 하는 것! 그는 ‘인셉션’이라 불리는 이 작전을 성공시키기 위해 최강의 팀을 조직한다. 불가능에 가까운 게임, 하지만 반드시 이겨야만 한다!",
            "imageurl": "https://movie-phinf.pstatic.net/20111223_295/13246175218167Mp6y_JPEG/movie_image.jpg?type=m203_290_2"
        }
    },
    {
        "pk": 456,
        "model": "movies.Movie",
        "fields": {
            "title": "테이큰",
            "en_title": "Taken",
            "genres": [9, 16, 7, 1],
            "open_date": "2008-04-09",
            "director": "피에르 모렐",
            "actors": [90, 870],
            "rated": "청소년 관람불가",
            "summary": "파리로 여행을 떠난 딸 킴(매기 그레이스 분)이 아버지 브라이언(리암 니슨 분)과 통화를 하던 중 납치 당한다. 아무런 이유도 단서도 없다. 킴의 부서진 휴대전화에서 피터의 사진을 발견한 브라이언은 그를 미행하지만 결정적인 단서를 얻으려던 순간 피터는 죽고 만다. 유력한 조직원의 옷에 몰래 도청장치를 숨겨 넣는데 성공한 브라이언은 조직의 또 다른 근거지에 납치당한 여성들이 갇혀 있음을 알게 된다. 킴이 입고 있던 재킷을 가진 여자를 차에 태우고 거침없이 달리는 브라이언의 뒤를 수십 대의 차들이 뒤쫓고, 목숨을 건 사상 초유의 추격전이 벌어진다. 킴이 납치당하던 순간 휴대전화를 향해 소리쳤던 외모를 그대로 지닌 ‘놈’. 브라이언은 특수 요원 시절 익힌 잔혹한 기술을 동원해 결정적 단서를 얻고, 일생일대의 사투를 시작하는데...",
            "imageurl": "https://movie-phinf.pstatic.net/20180420_42/1524201859401TdYU5_JPEG/movie_image.jpg?type=m203_290_2"
        }
    },
    {
        "pk": 457,
        "model": "movies.Movie",
        "fields": {
            "title": "크림슨 타이드",
            "en_title": "Crimson Tide",
            "genres": [9, 1, 7],
            "open_date": "1995-09-08",
            "director": "토니 스콧",
            "actors": [871, 366],
            "rated": "15세 관람가",
            "summary": "{“세계를 움직이는 3명의 최고 실권자는 미합중국 대통령, 러시아 대통령, 그리고 미핵탄두 잠수함의 함장이다 (The Three Most Powerful Men In The World: The President Of The United Startes... The President Of The Russian Republic... and... The Captain a U.S. Nuclear Missile Submarine)”}.  러시아에서 발생한 내전을 틈타 구소련 강경파 군부지도자 라첸코(Vladimir Radchenko: 다니엘 본 바르겐 분)는 핵미사일 기지를 포함하여 군통수권 일부를 장악한 뒤 미국 본토를 위협하는 3차대전 시나리오를 구상 중이다. 미국방성은 라첸코가 핵미사일 암호를 수중에 넣기전에 그의 전쟁 의지를 제압해야 하는 위기에 빠진다.  마침내 램지 함장(Captain Frank Ramsey: 진 핵크만 분)의 지휘하에 핵잠수함 알라바마호의 출정이 시작되고 러시아의 핵미사일 기지 근해로 접근하던 중 러시아 잠수함의 어뢰 공격을 받게 된다. 적의 어뢰공격을 가까스로 피한 후 본국으로부터 핵미사일의 발사에 대한 단계적인 명령이 하달되기 시작한다. 핵미사일 발사명령이 차근차근 수행되지만 최종 발사명령을 남겨두고 예기치않은 통신 장비의 고장 사태가 발생한다. 램지 함장은 직권으로 핵미사일 발사를 명령하지만 국방성의 명령없이 핵미사일을 발사하게 되면 전세계를 제3차 세계대전의 소용돌이 속으로 빠뜨리게 된다는 판단 아래 부함장 헌터(Lt.CmDr. Hunter: 덴젤 워싱턴 분)가 함장과 부함장이 동시에 동의해야만 핵미사일을 발사할 수 있다는 규정을 들어 명령을 거부하고 램지 함장의 지휘권을 박탈해버린다. 이 항명으로 램지 함장은 자신의 숙소에 감금되고 잠수함은 부함장 헌터의 지휘를 받게 된다.  그러던 중 러시아 잠수함으로부터 두번째 어뢰가 발사되고 알라바마호의 동체 일부가 파괴되면서 엔진이 정지되고 심해로 가라앉기 시작한다. 전 장병이 몰살될 수도 있는 극한 상황 속에서 함장의 뜻을 따르는 병사들은 감금된 함장을 풀어주고 오히려 부함장 헌터와 협조 세력들을 감금하는 반전을 일으킨다. 숨막힐 듯 전개되는 긴장 속에 반전과 갈등이 계속되지만, 이런 심각한 반목을 해결해줄 통신 장치의 수리는 지연되기만 하고 함장과 부함장의 두 세력은 최후의 충돌은 극을 향해 치닫게 된다.",
            "imageurl": "https://movie-phinf.pstatic.net/20111222_154/1324539862554f7Wxr_JPEG/movie_image.jpg?type=m203_290_2"
        }
    },
    {
        "pk": 458,
        "model": "movies.Movie",
        "fields": {
            "title": "영웅본색",
            "en_title": "英雄本色, A Better Tomorrow",
            "genres": [9, 16, 8, 1],
            "open_date": "1987-05-23",
            "director": "오우삼",
            "actors": [872, 349, 91],
            "rated": "15세 관람가",
            "summary": "한때 암흑가를 주름잡는 보스였으나 손 씻고 새 삶을 시작한 자호(적룡), 경찰의 길을 걷는 자호의 동생 아걸(장국영), 자호와 함께 암흑가의 화려한 나날을 보냈으나 몰락한 채, 때를 기다리며 과거의 영광을 되찾고자 하는 소마(주윤발). 세 남자의 뜨거운 이야기가 디지털 리마스터링으로 다시 찾아온다!   2016년 2월, 레전드의 귀환!",
            "imageurl": "https://movie-phinf.pstatic.net/20160127_166/1453871206249b5Jsn_JPEG/movie_image.jpg?type=m203_290_2"
        }
    },
    {
        "pk": 459,
        "model": "movies.Movie",
        "fields": {
            "title": "천장지구",
            "en_title": "To Love With No Regret, 天若有情: A Moment Of Romance",
            "genres": [9, 1, 5],
            "open_date": "1990-10-13",
            "director": "진목승",
            "actors": [166, 873],
            "rated": "15세 관람가",
            "summary": "어릴때 부모를 모두 잃은 아화는 범죄 세계에 빠져 오토바이를 즐기며 산다. 보석상을 터는 일을 도와주다 경찰에 몰린 아화는 길을 가던 여인 죠죠를 인질로 잡아 달아나게 되는데, 이것이 계기가 되어 두 사람은 사랑하는 사이로 발전한다. 아화의 의형이 범죄 세계의 세력 다툼에서 지고는 암살되자 그가 복수의 길을 간다. 그는 복수를 하고 죽음의 길로 들어선다.",
            "imageurl": "https://movie-phinf.pstatic.net/20161005_171/1475633777858D8K7p_JPEG/movie_image.jpg?type=m203_290_2"
        }
    },
    {
        "pk": 460,
        "model": "movies.Movie",
        "fields": {
            "title": "프레데터",
            "en_title": "Predator",
            "genres": [9, 4, 10, 7],
            "open_date": "1987-07-17",
            "director": "존 맥티어난",
            "actors": [24],
            "rated": "청소년 관람불가",
            "summary": "영화가 시작하면 우주공간을 비행하던 한 비행체가 지구에 무엇인가를 떨어뜨리고 날아간다. 인질 구출의 대가 더취 소령(Dutch: 아놀드 슈왈츠네거 분)이 CIA의 갑작스런 요청으로 중남미 정글 지대로 날아온다. 중앙아메리카에서 로비 활동을 하던 장관과 정부관료가 탄 비행기가 연락이 두절되어 CIA의 요청으로 더치 소령이 이끄는 정예부대가 적진에 파견된 것이다. 그는 필립 장군(General Phillips: R.G. 암스트롱 분)으로부터 현지의 대사와 그 수행원이 게릴라들에게 인질로 잡혀 있다는 설명을 듣는 한편 그곳 CIA의 요원으로 일하고 있는 옛 동료이자 완력의 라이벌이었던 딜론(Dillon: 칼 웨더스 분)을 만나, 재회의 기쁨을 나눈다.  드디어 더치 소령은 대공화기로 무장한 맥(Mac: 빌 듀크 분), 블래인(Blain: 제시 벤츄라 분), 빌리(Billy: 소니 라드햄 분), 판초(Poncho: 리차드 체비스 분), 호킨스(Hawkins: 샤인 블랙 분)의 다섯 부하들을 이끌고 구출작전에 나설 즈음, 딜론도 작전에 참여하겠다고 한다. 더취는 필립 장군에게 외부인은 절대로 자신의 특공대에 참여시키지 않음을 상기시키나, 필립 장군은 위로부터의 명령이라며 딜론을 구출작전에 참여토록 하는 한편 작전지역에 가서부터 지휘권까지 딜론이 맡도록 명한다. 작전은 노련한 더취의 지휘와 부하들의 능숙한 솜씨로 순식간에 성공한다. 그러나 더취는 게릴라의 기지로 접근하던 중, 살가죽이 완전히 벗겨진 채 거꾸로 매달린 시체들을 발견하는 한편, 그중 한 명이 자신도 아는 그린베레임을 남겨진 군번을 통해 알게 된다. 이와 더불어 그는 부하 맥으로부터, 인질은 대사와 그 수행원이 아니라 CIA 요원이요, 인질을 끌로가던 게릴라 중에는 소련의 군사 고문도 끼어있다는 보고를 받는 한편, 자신들이 어떤 거대한 음모에 휘말려든 느낌이라는 보고도 받는데.  (스포일러) 그러던 중, 더취는 CIA 요원이 된 딜론이 게릴라들의 문서를 보고 기뻐하는 것을 지켜보면서 자신이 속았음을 깨닫고 딜론을 추궁한다. 이에 딜론은 자기들 요원(C.I.A)이 게릴라에 납치됐다는 것, 이를 구출코자 그린 베레 짐 호퍼를 보냈으나 종무 소식이어서 더취와 그의 특공대를 끌어들이기 위한 구실로 거짓말을 했음을 실토하게 된다. 인질로 잡혀있던 CIA 요원들은 작전 중 게릴라들에게 살해되고 그들은 여자 게릴라 안나(Anna: 엘피디아 카릴로 분)만은 생포하고 귀환하게 되는데 이때, 빌리가 숲속의 뭔가를 보고 몸을 떠는가 하면 안나를 감시하던 호킨스가 화상을 입은 듯 죽고, 연이어 특공대원들이 한명씩 끔찍한 일을 당하며 죽어간다. 이들은 처음엔 여자 게릴라 안나의 소행인 줄 착각하지만 결국 그녀를 통해 움직이는 숲, 즉 숲의 보호색을 띄고 온몸에 최신식 전자장치를 한 괴물 프레데터(The Predator: 케빈 피터 홀 분)의 소행임을 알게 되고, 더취는 사력을 다해 그와 싸우나 그 괴물은 사격을 받아도 죽지를 않는다.  더치는 부상과 무기까지 잃고 괴물에게 쫓기다가 우연히 강가에서 몸에 진흙을 뒤집어 쓰게 되는데 이런 자신의 모습을 괴물이 보지 못한다는 것을 알게 된다. 결국 더취는 온 몸에 진흙을 바르고 활과 정글을 이용한 함정을 만드는데, 거대한 나무통을 허공에 매달아 그 괴물을 내리찍도록 하여 괴물을 처치한다. 흉칙한 얼굴을 한 괴물은 괴상한 웃음소리를 내며 최후를 맞자, 몸의 자폭장치를 작동시킨다. 이윽고 큰 폭발이 일어나고 더취는 겨우 몸을 피한다. 이윽고 필립 장군이 헬기로 구조를 왔을 때는 탈진된 더취와 안나 만이 생존해 있었다.",
            "imageurl": "https://movie-phinf.pstatic.net/20111222_199/1324517166511TxWp3_JPEG/movie_image.jpg?type=m203_290_2"
        }
    },
    {
        "pk": 461,
        "model": "movies.Movie",
        "fields": {
            "title": "도망자",
            "en_title": "The Fugitive",
            "genres": [9, 6, 16, 13, 7],
            "open_date": "1993-09-11",
            "director": "앤드루 데이비스",
            "actors": [160, 874],
            "rated": "15세 관람가",
            "summary": "시카고의 저명한 외과 의사 리차드 킴블(Dr. Richard Kimble: 해리슨 포드 분)은 아름다운 아내 헬렌(Helen Kimble: 셀라 워드 분)과 시카고 근교의 고급 주택가에서 남부러울 것 없이 살고 있으나, 어느날 그에게 무서운 시련이 닥친다. 응급 수술을 마치고 집에 들어오던 길에 범인의 공격을 받아 사투를 벌이지만 범인은 달아나고 헬렌은 그의 품 속에서 숨진다. 킴블은 의수를 단 외팔이 사내가 범인이라고 주장하지만 모든 정황이 그에게 불리하게 돌아가는 바람에 그는 결국 살인범의 누명을 쓰고 사형 선고를 받기에 이른다.  교도소로 향하는 호송버스 안에서 몇몇 죄수가 탈주를 시도하는 바람에 버스가 전복하고, 마침 지나가던 열차와 충돌한다. 아비규환의 와중에서 킴블은 구사일생으로 버스에서 탈출, 동료 수인의 도움으로 수갑을 풀고 혼자 산속으로 도망친다. 한편 킴블의 소식이 알려지자, 연방 경찰 샘 제라드(U.S. Marshal Samuel Gerard: 토미 리 존스 분)가 이 사건에 개입하게 된다. 그때부터 킴블과 제라드 사이에는 쫓고 쫓기는 숨가쁜 추격전이 펼쳐진다. 신분을 숨긴 채 경찰의 추적을 피해 진범인 외팔이 사내를 찾아 헤메는 킴블. 그러나 집요한 제라드의 그림자는 시시각각 그의 숨통을 죄여 오는데.",
            "imageurl": "https://movie-phinf.pstatic.net/20111221_149/1324450443453bvgYF_JPEG/movie_image.jpg?type=m203_290_2"
        }
    },
    {
        "pk": 462,
        "model": "movies.Movie",
        "fields": {
            "title": "네고시에이터",
            "en_title": "The Negotiator",
            "genres": [9, 16, 1, 13, 7],
            "open_date": "1998-10-24",
            "director": "F. 게리 그레이",
            "actors": [616, 149],
            "rated": "15세 관람가",
            "summary": "시카고 경찰관 데니 로맨(Danny Roman: 사무엘 잭슨 분)은 12년간의 경관생활로 인질범 대치시 협상을 전문으로 하여 인질들이 상해를 입지않고 풀려날 수 있게끔 만드는 기술자이다. 신혼으로 가정을 꾸민 그는 부인(Karen Roman: 레지나 테일러 분)에게 약속하는 것은 반듯이 제시간에 가정으로 귀가 하는 것. 경관들을 위한 상해보험과 관련된 경찰내의 부정 사건을 파트너로부터 전해 들은 후 로맨은 파트너가 살해되는 슬픔을 겪음과 동시에 유력한 살인 용의자로 몰려 뱃지를 반납하고, 가까웠던 동료들마저 등을 돌리는 수모를 겪는다. 그는 자신을 구속하려는 시카고 경찰서의 내부수사과장 나이밤(Inspector Terence Niebaum: J.T. 월쉬 분)에게 따져러 들어갔다가, '나는 오늘 감옥으로 갈 수는 없다'며 나이밤과 그의 여비서 시경장 프로스트(Commander Grant Frost: 론 리프킨 분)와 사기범으로 심문받던 루디(Rudy: 폴 지아마티 분)를 인질로 삼고 누명을 벗기 위하여 경찰과 대치한다.  경찰 헬기가 시카고 경찰 본부건물 20층 주변을 날고, SWAT(특수기동대) 저격팀들은 근처 건물에서 그 20층을 향하여 조준하며 발사 명령만 기다리는 극박한 상황에 처한다. 로맨은 협상자로 충분한 경험을 소유하였으니 인질을 이용하면서 자신이 대처해야 할 상황을 손바닥 보듯이 알고 있고, 음모를 파해치기 위하여 그가 오직 상대하겠다는 인물은 다른구역의 인질협상자인 크리스 사비안(Chris Sabian: 케빈 스페이시 분)뿐. 사비안도 인질 문제 해결에 있어서는 누구도 따를자가 없는 유능한 협상자로 올라있는 인물이다. 냉정하고 침착한 사비안은 가족적이며 독서를 즐기는 평범한 아버지이지만 비이성적으로 혈기를 가지고 행동하는 로맨보다는 지적인 인물로 묘사된다.  스페이시는 노련한 로맨과의 흥정은 뛰어난 기략이 필요함을 알고 있는 인물이지만, 협상에서 이길 수 없다는 사실을 깨닫고 그와 함께 행동 할 수 밖에 없음을 받아드린다. 공격적으로 쳐들어가기를 우선 순위로 알고있는 지휘관 아담(Commander Adam Beck: 데이빗 모스 분)을 비롯한 측근들과 대화로 협상을 완전하게 처리하려는 사비안과의 팽팽한 갈등이 진행되면서, FBI측이 사건을 인수하려들고, 상공에서 기습병들을 실은 헬기들은 요란하며, SWAT의 총구들은 목표물을 겨냥하는 일촉즉발의 상황이 이어진다.",
            "imageurl": "https://movie-phinf.pstatic.net/20111221_203/1324463167660uWP39_JPEG/movie_image.jpg?type=m203_290_2"
        }
    },
    {
        "pk": 463,
        "model": "movies.Movie",
        "fields": {
            "title": "범죄도시",
            "en_title": "THE OUTLAWS",
            "genres": [9],
            "open_date": "2017-10-03",
            "director": "강윤성",
            "actors": [875, 232],
            "rated": "청소년 관람불가",
            "summary": "2004년 서울… 하얼빈에서 넘어와 단숨에 기존 조직들을 장악하고 가장 강력한 세력인 춘식이파 보스 ‘황사장(조재윤 분)’까지 위협하며  도시 일대의 최강자로 급부상한 신흥범죄조직의 악랄한 보스 ‘장첸(윤계상 분)’.  대한민국을 뒤흔든 ‘장첸(윤계상 분)’ 일당을 잡기 위해  오직 주먹 한방으로 도시의 평화를 유지해 온 괴물형사 ‘마석도(마동석 분)’와  인간미 넘치는 든든한 리더 ‘전일만(최귀화 분)’ 반장이 이끄는 강력반은  나쁜 놈들을 한방에 쓸어버릴 끝.짱.나.는. 작전을 세우는데…  통쾌하고! 화끈하고! 살벌하게! 나쁜 놈들 때려잡는 강력반 형사들의 ‘조폭소탕작전’이 시작된다!",
            "imageurl": "https://movie-phinf.pstatic.net/20170915_299/1505458505658vbKcN_JPEG/movie_image.jpg?type=m203_290_2"
        }
    },
    {
        "pk": 464,
        "model": "movies.Movie",
        "fields": {
            "title": "미션 임파서블: 폴아웃",
            "en_title": "Mission: Impossible - Fallout",
            "genres": [9, 6, 7],
            "open_date": "2018-07-25",
            "director": "크리스토퍼 맥쿼리",
            "actors": [129, 876, 877],
            "rated": "15세 관람가",
            "summary": "도난당한 핵무기를 되찾아 오는 위험천만한 작전 중, 에단 헌트(톰 크루즈)는 임무를 포기하고, 팀원의 목숨을 구하는 선택을 한다. 이제, 핵무기는 문명을 무너뜨리려는 사악한 테러조직의 손에 넘어갔다. 세계를 멸망시킬 핵 재앙을 막기 위해 세계 최강 스파이기관, IMF의 에단 헌트와 정예 요원들(사이먼 페크, 빙 라메스, 레베카 퍼거슨)은 숙명의 라이벌, 중앙정보국 CIA의 상급 요원(헨리 카빌)과 불편한 동맹을 맺어야만 한다. 이보다 더 불가능한 미션은 없었다! 역대 최대 규모, 최강 액션을 기대하라!",
            "imageurl": "https://movie-phinf.pstatic.net/20180523_234/1527043720337JCQAP_JPEG/movie_image.jpg?type=m203_290_2"
        }
    },
    {
        "pk": 465,
        "model": "movies.Movie",
        "fields": {
            "title": "스트레인저 - 무황인담",
            "en_title": "ストレンヂア 無皇刃譚: Sword Of The Stranger",
            "genres": [9, 15],
            "open_date": "2009-03-12",
            "director": "안도 마사히로",
            "actors": [878, 879, 880],
            "rated": "15세 관람가",
            "summary": "전란의 불꽃이 꺼지지 않은 일본 전국시대, 불로불사의 꿈을 이룰 수 있는 선약(仙藥)의 비밀을 가진 소년 ‘코타로’를 쫓아 금발의 푸른 눈을 가진 무사 ‘라로우’를 비롯한 명나라 최정예 무장집단이 일본에 상륙한다. 스스로 검을 봉인해버린 정체 불명의 무사 ‘나나시’는 우연히 소년을 위기에서 구해준 후 숨막히는 추격전에 끼어들게 된다. 난세의 운명을 뒤바꿀 ‘코타로’를 둘러싸고 최강의 두 검객 ‘나나시’와 ‘라로우’는 피할 수 없는 대결을 펼치게 되는데…",
            "imageurl": "https://movie-phinf.pstatic.net/20111222_241/13245503563760m3z7_JPEG/movie_image.jpg?type=m203_290_2"
        }
    },
    {
        "pk": 466,
        "model": "movies.Movie",
        "fields": {
            "title": "에너미 오브 스테이트",
            "en_title": "Enemy Of The State",
            "genres": [9, 7, 1],
            "open_date": "1998-12-24",
            "director": "토니 스콧",
            "actors": [337, 366],
            "rated": "15세 관람가",
            "summary": "로버트 딘(Robert Clayton Dean: 윌 스미스 분)은 강직한 변호사다. 자신이 맡은 노조관련 사건의 의뢰인을 위해 마피아 보스와 맞닥뜨려야 하는 위험한 협상도 거리낌없이 밀고 나가는 스타일이다. 딘이 마피아 보스 핀테로와 협상을 벌이고 있을 무렵 공화당 소속의 국회의원 필(Phillip: 제이슨 로바즈 분)을 국가 안보국(NSA)에서 제거하려는 음모가 진행되고 있다. 국가 안보국의 감청 및 도청 행위를 법적으로 승인하자는 법안에 강력하게 반대하는 입장을 표명했기 때문이다.  한편, 조류 사진 작가이자 로버트 딘과 대학 동창인 다니엘(Daniel Zavitz: 제이슨 리 분)은 우연히 필의 피살 현장을 카메라에 담게 되고 그로 인하여 국가 안보국으로부터 제거당할 위험에 놓이게 된다. 아내(Carla Dean: 레지나 킹 분)의 크리스마스 선물을 사러 간 란제리 숍에 들렀던 딘은 마침 쫓기고 있던 다니엘과 맞닥뜨린다. 다급한 나머지 다니엘은 딘의 쇼핑백에 디스켓을 집어넣고 도망치다가 차에 깔려 즉사한다. 딘은 다니엘이 자신의 쇼핑백에 뭔가를 집어넣었다는 사실조차 모른다. 딘과 다니엘이 마주쳤던 순간을 란제리 숍의 감시 카메라를 통해 분석한 국가 안보국은 이제 딘이 소지하고 있는 녹화 테이프를 강탈하기 위해 딘을 추격한다. 국가 안보국의 획책으로 변호사 사무실에서 해고당하고 모든 금융거래마저 차단당한 딘은 아내한테도 의심받게 된다.  딘은 한마디로 벼랑 끝에 몰린 처지가 되어버린다. 이제 딘이 의지할 수 있는 사람은 단 한 명뿐이다. 그동안 변호사 일과 관련하여 그에게 비밀리에 정보를 제공해주고 뒷돈을 챙기던 정보 브로커 브릴(Brill/Edward Lyle: 진 해크만 분)이 바로 딘의 구세주로 등장한다. 브릴은 전직 국가 안보국 출신이며 냉전이 중식된 이후로 자신이 맡았던 국제적 도청행위를 청산하고 신비의 인물로 살아가는 정보 베테랑이다. 처음엔 자신의 정체가 노출될 것을 꺼리던 브릴마저 딘과 함께 국가 안보국으로부터 목숨을 위협당하는 위기에 처하게 되자 둘은 역습을 위한 준비작업에 착수한다. 그러나 국회의원 필을 죽인 장본인이자 국가 안보국의 도청 임무를 지휘하는 레이놀즈(Thomas Brian Reynolds: 존 보이트 분)는 순순히 꼬여들지 않는다. 결국 브릴이 레이놀즈를 단독으로 상대하기로하고 접근한다. 그러나 이미 배치된 안보국 요원들에 의해 브릴은 최악의 궁지에 몰리고 딘 또한 숨어있던 아지트에서 발각당한다. 이때부터 딘은 레이놀즈에게 치명적인 일격을 가하기 위한 치밀하고도 쇼킹한 작전을 짜게 되는데.",
            "imageurl": "https://movie-phinf.pstatic.net/20111221_206/1324478794839B17uc_JPEG/movie_image.jpg?type=m203_290_2"
        }
    },
    {
        "pk": 467,
        "model": "movies.Movie",
        "fields": {
            "title": "노킹 온 헤븐스 도어",
            "en_title": "Knockin' On Heaven's Door",
            "genres": [9, 16, 1, 11],
            "open_date": "1998-02-28",
            "director": "토머스 얀",
            "actors": [881, 882],
            "rated": "15세 관람가",
            "summary": "뇌종양 진단을 받은 마틴과 골수암 말기의 루디는 같은 병실에 입원한다. 시한부 판결을 받아 삶이 얼마 남지 않았다는 공통점 외에는 전혀 다른 성격의 두 남자. 단 한번도 바다를 보지 못한 루디를 위해 마틴은 그와 함께 바다로 향하는 생애 마지막 여행을 시작한다. 하지만, 여행을 위해 그들이 훔친 차는 100만 마르크가 들어있는 악당들의 스포츠카였던 것. 뜻밖의 돈을 얻게 된 이들은 천국의 문턱에서 그들이 평소 하고 싶었던 소원을 이야기한다. 하지만 행복도 잠시, 악당과 경찰의 추격 속에 그들의 여행은 위태롭게 흘러 가는데…   15년 만에 스크린에 재현된 90년대 최고의 명작과 20세기 최고의 음악! 생의 마지막 순간, 천국을 향한 두 남자의 뜨거운 여행!",
            "imageurl": "https://movie-phinf.pstatic.net/20130430_121/1367285709690C3a7N_JPEG/movie_image.jpg?type=m203_290_2"
        }
    },
    {
        "pk": 468,
        "model": "movies.Movie",
        "fields": {
            "title": "스피드",
            "en_title": "Speed",
            "genres": [9, 7],
            "open_date": "1994-06-25",
            "director": "쟝 드봉",
            "actors": [37, 883, 545],
            "rated": "15세 관람가",
            "summary": "하워드 페인은 몸값 370만 불을 요구하며 엘리베이터 인질극을 벌이나 경찰 특수반의 잭과 해리의 활약으로 좌절된다. 앙심을 품은 페인은 버스에 폭탄을 장치해 놓고 잭에게 연락한다. 시속 50마일 이하로 속도가 떨어지면 폭발하도록 만들어 놓았다. 잭은 문제의 버스로 천신만고 끝에 다가가 달리는 버스에 올라탄다. 마침 타고 있던 범죄자가 자신을 체포하려는 것으로 오인, 총을 쏘는 바람에 버스 운전사가 중상을 입는다. 그래서 승객인 애니가 핸들을 잡고 러쉬아워의 LA 시내를 좌충우돌하며 돌진하게 되는데...",
            "imageurl": "https://movie-phinf.pstatic.net/20111222_264/1324486401329Yo0Bv_JPEG/movie_image.jpg?type=m203_290_2"
        }
    },
    {
        "pk": 469,
        "model": "movies.Movie",
        "fields": {
            "title": "정무문",
            "en_title": "精武門, Fist Of Fury",
            "genres": [9, 1, 5],
            "open_date": "1973-07-27",
            "director": "나유",
            "actors": [884],
            "rated": "15세 관람가",
            "summary": "정무문의 창시자이자 태극권의 사부인 ‘허영가’의 사망 소식을 들은 ‘첸’(이소룡)은 사부의 주검 앞에서 세상을 잃은 듯 오열 한다. 사부의 죽음에 수 많은 의심을 품은 ‘첸’은 복수를 위해 첫 번째로 홍백파의 도장으로 찾아가 그 동안 사부에게 배워왔던 모든 기술을 이용해 어디서도 보지 못한 현란한 발차기와 쌍절곤으로 수십명의 관원들을 단숨에 쓰러뜨린다.   상해로 떠나기로 결심하던 날, 사부를 독살한 범인을 알아낸 ‘첸’은 최후의 복수를 다짐하는데…",
            "imageurl": "https://movie-phinf.pstatic.net/20130903_1/1378190858748DJer5_JPEG/movie_image.jpg?type=m203_290_2"
        }
    },
    {
        "pk": 470,
        "model": "movies.Movie",
        "fields": {
            "title": "분노의 질주: 더 세븐",
            "en_title": "Fast & Furious 7",
            "genres": [9, 16, 7],
            "open_date": "2015-04-01",
            "director": "제임스 완",
            "actors": [718, 885, 886],
            "rated": "15세 관람가",
            "summary": "거대 범죄 조직을 소탕한 뒤 전과를 사면 받고, 평범한 일상을 되찾은 도미닉(빈 디젤)과 멤버들. 하지만 평화도 잠시, 한(성 강)의 갑작스러운 죽음에 이어, 도미닉의 집이 순식간에 폭파당한다. 그들을 차례대로 제거하려는 최악의 상대 데카드 쇼(제이슨 스타뎀)의 등장으로 도미닉은 다시 한 번 역대 최강의 멤버들을 불러모아 숨막히는 반격을 결심하는데…",
            "imageurl": "https://movie-phinf.pstatic.net/20150327_289/1427423961867dqf2C_JPEG/movie_image.jpg?type=m203_290_2"
        }
    },
    {
        "pk": 471,
        "model": "movies.Movie",
        "fields": {
            "title": "록키 2",
            "en_title": "Rocky II",
            "genres": [9, 1],
            "open_date": "1980-05-31",
            "director": "실베스터 스탤론",
            "actors": [364],
            "rated": "12세 관람가",
            "summary": "록키와 애드리언의 결혼, 명성은 얻었으나 유명세와 생활에 쪼들리는 록키, 미키와의 불화, 자존심을 회복하기 위해 록키를 자극하여 리턴 매치를 열려는 아폴로 크리드. 훈련을 게을리하던 록키는 출산 중 난산으로 사경을 헤매는 애드리언의 ‘이겨달라!’는 말 한마디에 분연히 일어선다. 결전의 날이 오고, 처절한 사투, 마지막 순간 챔피언과 도전자 모두 쓰러지지만 다시 일어선 록키는 마침내 헤비급 세계 챔피언에 오른다.",
            "imageurl": "https://movie-phinf.pstatic.net/20170116_254/1484555905046qgdCm_JPEG/movie_image.jpg?type=m203_290_2"
        }
    },
    {
        "pk": 472,
        "model": "movies.Movie",
        "fields": {
            "title": "배트맨 2",
            "en_title": "Batman Returns",
            "genres": [9, 10, 2],
            "open_date": "1992-07-11",
            "director": "팀 버튼",
            "actors": [361, 814, 534],
            "rated": "15세 관람가",
            "summary": "33년 뒤의 고담시는 부패와 탐욕, 범죄로 썩어가고 있다. 고담시를 썩게하는 것은 천재적인 두뇌를 가진 희대의 펭귄맨(대니 드비토 분)과 맥스 쉐릭 백화점을 거점으로 하는 부도덕한 백만장자 맥스 쉐릭(크리스토퍼 월켄 분)이다. 특히 펭귄은 그에게 충성을 바치는 펭귄 군단과 붉은 서커스단으로 불리는 악당들을 동원해 고담 시민을 위협하고 배트맨마저 없애려 한다. 배트맨은 검은 쌍날 등이 부착된 배트 모밀과 배트 미사일, 배트 보트로 무장하고 악을 처단하기 위해 고담시로 돌아온다. 그러나 펭귄은 그리 호락호락한 적수가 아닐 뿐더러, 예상치 못한 또 하나의 적수 캣우먼(미쉘 파이퍼 분)을 만난다. 캣우먼인 셀리나는 고담시의 못된 재벌 맥스 쉐릭의 얌전한 여비서였다. 하지만 상관 맥스의 비리를 알게 되자 그에게서 죽음의 위기를 당할 뻔하지만 고양이의 도움으로 살아나 캣우먼으로 변신하여 쉐릭과 사회에 대한 복수를 시도한다. 배트맨처럼 비극적인 어린 시절을 보낸 캣우먼은 채찍으로 무장하고 막강한 파워와 지성, 그리고 비밀에 둘러싸인 채 배트맨에게 위협을 가하나 배트맨과 사랑에 빠진다.",
            "imageurl": "https://movie-phinf.pstatic.net/20111222_254/1324535636005yUgQk_JPEG/movie_image.jpg?type=m203_290_2"
        }
    },
    {
        "pk": 473,
        "model": "movies.Movie",
        "fields": {
            "title": "불꽃 슛 통키",
            "en_title": "Shoot Fireworks, Tonkey",
            "genres": [9],
            "open_date": "1993-08-08",
            "director": "최기풍",
            "actors": [887, 888],
            "rated": "전체 관람가",
            "summary": "전설적인 피구 선수 나태풍의 아들 통키는 아버지의 모교인 태동국민학교로 전학온다. 통키는 아버지의 뒤를 이어 훌륭한 피구선수가 되기로 결심하지만 미나는 쌀쌀맞게 대하고 피구부 부주장 권총탄은 이유없이 괴롭히기만 한다. 그러나 통키는 상대가 쓰러질 때까지 계속해야 하는 슈퍼게임을 벌인 끝에 피구부에 입단을 승낙 받는다. 그리고 통키는 드디어 선의의 경쟁을 할 라이벌을 만나는데, 바로 상아국민학교의 타이거가 그다. 피구부의 혹독한 훈련에 합류한 통키, 맹태는 주전선수 선발에 나가 소원해지지만 맹태가 부상을 당하는 바람에 통키가 대신 시합에 나가게 된다. 그러나 전국대회 우승팀인 상아국민학교와의 일전을 앞두고 통키는 손 부상을 당하고 만다. 부상을 무릅쓰고 시합에 출전한 통키는 피구부원들의 도움으로 타이거와 불꽃튀는 대결을 벌이지만 결국 무승부로 끝난다.",
            "imageurl": "https://movie-phinf.pstatic.net/20111222_17/1324556137188VALK0_JPEG/movie_image.jpg?type=m203_290_2"
        }
    },
    {
        "pk": 474,
        "model": "movies.Movie",
        "fields": {
            "title": "콘 에어",
            "en_title": "Con Air",
            "genres": [9, 6, 7],
            "open_date": "1997-06-28",
            "director": "사이먼 웨스트",
            "actors": [325, 348, 889],
            "rated": "15세 관람가",
            "summary": "최정예 특공대원 카메론 포우(니콜라스 케이지 분)는 제대하던 날 아내와 귀가하다가, 자신의 아내를 노리는 폭력배로부터 위협을 받는다. 불행하게도 카메론은 그들 중 한 명을 죽이게 된다. 사랑하는 아내와 아내의 뱃속에서 자라고 있는 딸을 지키기 위해서였다. 그로부터 8년 뒤, 모범수로 가석방된 카메론은 결코 타지 말았어야 할 죄수 수송기에 몸을 싣는다. 이 수송기는, 미국 전역의 형무소에 격리수용된 악명높은 죄수들만 따로 통합 수용하기 위하여 세워진 새 형무소로 흉악범들을 이송하는 임무를 띤 ‘콘 에어’ 수송기였다.  모범수인 카메론은 그 형무소까지 가지 않고 중간 기착지에서 내리도록 되어 있다. 콘 에어가 이륙하는 순간 카메론은 예상하지 못한 위기를 직감한다. 8명의 죄수들이 콘 에어를 공중납치해버린 것이다. 죄수들의 행동 대장은 ‘바이러스’란 별명을 가진 사이러스 그리섬(존 말코비치 분)이다. 카메론은 사태의 심각성과 신변의 위험을 깨닫지만 기내에 동승한 연방 보안 요원과 간수들이 속속 당하는 것을 보고만 있어야 할 만큼 속수무책이다. 연방 보안관이자 진압 대장인 빈스 라킨(존 쿠삭 분)과 FBI요원 그리고 특전반은 콘 에어가 착륙할 사막의 중간 기착지에 매복한 뒤 기습소탕작전을 준비하고 있다. 수송기에 탑승할 중간 기착지의 죄수들이 대기하고 있는 가운데 콘 에어가 서서히 착륙한다. 그러나 내리기로 되어 있던 카메론은 보이지 않고, 라킨의 상관은 기내의 보안요원이 전부 살해된 것으로 판단하고 콘 에어 수송기를 공중 폭파시키라는 명령을 내리는데..",
            "imageurl": "https://movie-phinf.pstatic.net/20111223_63/1324573192518AiwzX_JPEG/movie_image.jpg?type=m203_290_2"
        }
    },
    {
        "pk": 475,
        "model": "movies.Movie",
        "fields": {
            "title": "7인의 사무라이",
            "en_title": "七人の侍, Seven Samurai",
            "genres": [9, 6, 1],
            "open_date": "2004-04-16",
            "director": "구로사와 아키라",
            "actors": [890, 891],
            "rated": "NR",
            "summary": "{때는 전국시대, 끊이지 않는 전란(戰亂)이 만들어낸 '노부시'(野武士: 산적 무리)의 횡포에 백성들이 떨고있던 그때..}  주민들은 황폐한 땅에서 어렵게 수확한 식량으로 한해 한해를 넘기는 빈촌에 살고 있다. 이 빈촌엔 보리 수확이 끝날 무렵이면 어김없이 산적들이 찾아와 모든 식량을 모조리 약탈해 간다. 싸워도 애원해도 소용이 없었다. 가만히 있을 수만은 없던 촌장의 결단으로 사무라이들을 모집하는데, 이들은 풍부한 전쟁 경험을 가진 감병위(勘兵衛)를 포함한 7명이었다. 감병위의 지휘하에 마을은 방위태세를 갖추고 전투훈련도 시작한다.  이윽고 산적들의 공격이 시작되어 치열한 사투가 벌어지고 산적들은 전멸한다. 하지만 마을사람들 다수와 7명 중 4명의 사무라이도 목숨을 잃는다. 마을엔 평화가 찾아오고 주민들은 벼농사에 여념이 없다. 노동요를 부르는 백성들을 보면서 감병위는 이렇게 말한다. \"또.. 살아남았구나.. 이번도 또, 진 싸움이였구나.. 이긴 것은 저 농부들이다. 우리들이 아니야\"",
            "imageurl": "https://movie-phinf.pstatic.net/20111221_256/1324454442376OugKi_JPEG/movie_image.jpg?type=m203_290_2"
        }
    },
    {
        "pk": 476,
        "model": "movies.Movie",
        "fields": {
            "title": "클리프행어",
            "en_title": "Cliffhanger",
            "genres": [9, 7],
            "open_date": "1993-06-12",
            "director": "레니 할린",
            "actors": [364],
            "rated": "12세 관람가",
            "summary": "록키 산악 공원 구조 대원으로 일하던 게이브는, 조난 당한 동료 핼의 연인 새라를 구조하다가, 죽인데 가책을 느끼고 사랑하는 동료 구조원 졔스 곁을 떠난다. 일년 후, 덴버에서 자리잡은 게이브는 졔스를 데릴러 산으로 돌아온다. 아직도 친구 연인을 죽게했다고 괴로워 하지만, 산을 보는 순간, 뜨거운 정을 느끼지 않을 수 없었다. 그러나 졔스는 게이브를 따라 산을 떠나지 않겠다고 거절한다. 하는 수 없이, 게이브는 혼자 덴버로 돌아간다. 그러나 게이브가 떠나기 직전, 폭풍우가 몰아치는 산에서 조난자가 구조를 요청 해온다. 헬기는 뜰 수 없는 날이었다.  게이브가 떠난 후 유일하게 산을 지키던 핼 혼자 보내기엔 일기가 너무 나빠서, 졔스는 게이브에게 동행을 요청하지만, 게이브는 이를 거절하고 떠난다. 막상 산을 등지고 가던 게이브지만, 혼자 애먹을 핼을 생각하며 차를 돌려 산으로 돌아간다. 중간에서 핼을 만나 정상에 오른 게이브는 조난자라는 것이 사실은 운반 중인 금고를 중간에서 가로채어 국외 탈출을 시도하다 불시착한 내무성 요원들이라는 사실을 알고 아연 질색한다. 인질이 된 둘은, 그들의 돈가방을 찾는데 길잡이로 이용된다. 당할 수만은 없다는 생각에, 손바닥 같이 환한 지리를 이용해서 둘은 테러리스트들을 하나씩 헤치우면서 마침내 그들을 전멸시키고 안도의 숨을 돌린다. 새라의 죽음을 게이브에게만 돌리던 핼도, 마침내 눈을 떠, 사리를 합리적으로 받아들여, 다시 게이브의 손을 굳게 잡는다.",
            "imageurl": "https://movie-phinf.pstatic.net/20111222_1/1324559969779V3oi9_JPEG/movie_image.jpg?type=m203_290_2"
        }
    },
    {
        "pk": 477,
        "model": "movies.Movie",
        "fields": {
            "title": "로건",
            "en_title": "Logan",
            "genres": [9, 10],
            "open_date": "2017-03-01",
            "director": "제임스 맨골드",
            "actors": [56],
            "rated": "청소년 관람불가",
            "summary": "가까운 미래, 능력을 잃어가는 ‘로건(울버린)’은  멕시코 국경 근처의 한 은신처에서 병든 ‘프로페서 X’를 돌보며 살아간다. 세상으로부터 자신을 숨기며 살아가고자 했던 ‘로건’은 정체불명의 집단에게 쫓기는 돌연변이 소녀  ‘로라’를 만나게 되고, 그녀를 지키기 위해 모든 것을 건 대결을 펼치게 되는데…",
            "imageurl": "https://movie-phinf.pstatic.net/20170511_70/1494464362009nw0gc_JPEG/movie_image.jpg?type=m203_290_2"
        }
    },
    {
        "pk": 478,
        "model": "movies.Movie",
        "fields": {
            "title": "리얼 스틸",
            "en_title": "Real Steel",
            "genres": [9, 1, 10],
            "open_date": "2011-10-12",
            "director": "숀 레비",
            "actors": [56, 892, 893],
            "rated": "12세 관람가",
            "summary": "치열한 로봇 파이터들의 세계를 그려낸 블록버스터 로봇 파이터의 불가능한 도전이 시작된다! 2020년, 관중들의 뜨거운 열기로 가득 찬 복싱 경기장. 링 위에서 숨 막히는 승부를 펼치는 이들은 무려 900kg에 2m 50cm가 넘는 거대한 로봇 파이터들이다. 인간이 아닌 로봇 파이터들이 사각의 링을 지배하는 시대! 챔피언 타이틀 도전에 실패한 전직 복서 출신 찰리 켄튼(휴 잭맨)은 지하의 복싱 세계를 전전하며 삼류 프로모터로 살아가고 있다. 겨우 번 돈으로 구입한 고철 덩어리를 로봇 파이터로 만들어 지하의 복싱 세계를 벗어나 재기하려는 찰리는 어느 날 존재도 모르고 지낸 아들 맥스(다코다 고요)의 소식을 접하고 임시 보호를 맡게 된다. 어쩔 수 없이 한 팀이 된 그들은 맥스가 우연히 발견한 고철 로봇 ‘아톰’을 최고의 파이터로 키워내기 위한 훈련을 시작한다.  오직 승자와 패자만이 존재하는 무자비한 사각의 링 위, 이제 더 이상 물러날 곳이 없는 찰리와 맥스, 그리고 ‘아톰’의 불가능한 도전이 시작된다!",
            "imageurl": "https://movie-phinf.pstatic.net/20111223_15/1324646896363bGHgr_JPEG/movie_image.jpg?type=m203_290_2"
        }
    },
    {
        "pk": 479,
        "model": "movies.Movie",
        "fields": {
            "title": "첩혈쌍웅",
            "en_title": "牒血雙雄, The Killer",
            "genres": [9, 16, 1, 7],
            "open_date": "1989-07-29",
            "director": "오우삼",
            "actors": [349, 894, 895],
            "rated": "청소년 관람불가",
            "summary": "살인 청부업자인 아쏭(주윤발)은 살인청부를 실행하다 무고한 여가수 제니(엽청문)의 눈을 실명하게 만든다. 이에 대한 자책감으로 제니의 주변을 맴돌던 아쏭은 제니와 사랑에 빠진다. 한편, 과감한 결단력으로 수사를 진행하는 리 경위(이수현)은 경찰 상부로부터 이러한 결단력에 늘 문책을 당하는 입장이다. 아쏭은 제니의 각막 수술 비용을 벌기 위해 토니왕이라는 재력가이자 암흑가와도 연관성이 있는 자의 살인 청부를 맡고, 리 경위의 상부의 명령으로 토니왕의 경호를 맡게 된다. 아쏭이 토니왕을 저격하고 도주하자 리 경위는 이를 추격하는데, 침착함을 잃지 않으면서 무고한 희생을 피하는 아쏭에게 리 경위는 강한 인상을 받으며 그의 모습에 매료 되는데…  최고의 킬러와 그를 쫓는 형사의 위험한 우정이 시작된다!",
            "imageurl": "https://movie-phinf.pstatic.net/20160630_12/1467267832098hMF0C_JPEG/movie_image.jpg?type=m203_290_2"
        }
    },
    {
        "pk": 480,
        "model": "movies.Movie",
        "fields": {
            "title": "원스 어폰 어 타임 인 아메리카",
            "en_title": "Once Upon A Time In America",
            "genres": [9, 8],
            "open_date": "1984-12-01",
            "director": "세르지오 레오네",
            "actors": [896],
            "rated": "청소년 관람불가",
            "summary": "1921년, 좀도둑질을 일삼던 누들스는 맥스를 비롯한 친구들과 함께 밀수품 운반 일을 하며 돈을 벌어 들인다. 누들스 무리에 위협을 느낀 벅시는 누들스의 친구를 죽이고, 이에 분노한 누들스는 벅시를 살해한 후 감옥에 들어가게 된다. 1932년, 출소한 누들스는 어린 시절 첫사랑 데보라와 밀주 사업으로 크게 성공한 맥스를 다시 만나지만, 금주법 철폐로 그들의 밀주 사업도 위기를 맞는다. 맥스는 누들스에게 연방준비은행을 털 것을 제안하지만 누들스는 거절한다. 1968년, 베일리 재단 파티에 초대 받은 누들스는 재단 창립 기념 사진 속에서 데보라를 발견하고 그녀를 찾아가 자신을 초대한 베일리 장관에 대해 묻지만 그를 찾지 말라며 경고한다. 그녀의 만류에도 누들스는 마침내 의문의 베일리 장관과 마주하게 되는데...",
            "imageurl": "https://movie-phinf.pstatic.net/20150313_179/1426211151228ebDNW_JPEG/movie_image.jpg?type=m203_290_2"
        }
    }
]