[
    {
        "pk": 201,
        "model": "movies.Movie",
        "fields": {
            "title": "타워",
            "en_title": "Tower",
            "genres": [1],
            "open_date": "2012-12-25",
            "director": "김지훈",
            "actors": [436, 65, 62],
            "rated": "12세 관람가",
            "summary": "초고층 주상복합빌딩 타워스카이의 시설관리 팀장인 싱글대디 ‘대호’(김상경)는 사랑하는 딸 ‘하나’(조민아)와 함께 멋진 크리스마스 이브를 보내기로 약속한다. 대호가 마음에 품고 있는 타워스카이 푸드몰의 매니저 ‘윤희’(손예진)는 바쁜 ‘대호’를 대신해 잠시나마 ‘하나’와 즐거운 시간을 보낸다.  한편, 전설로 불리우는 여의도 소방서의 소방대장 ‘영기’(설경구)는 결혼 후 처음으로 크리스마스 이브에 아내와의 데이트를 약속한다.모두가 행복한 그 날 저녁, 크리스마스 파티가 열리고 있는 타워스카이에서 예기치 못한 화재 사고가 발생하는데…  최악의 화재 속, 삶에 대한 희망의 끈을 놓지 않는 사람들의 이야기가 시작된다!",
            "imageurl": "https://movie-phinf.pstatic.net/20121206_104/1354758498530WnR2g_JPEG/movie_image.jpg?type=m203_290_2"
        }
    },
    {
        "pk": 202,
        "model": "movies.Movie",
        "fields": {
            "title": "어디선가 누군가에 무슨 일이 생기면 틀림없이 나타난다 홍반장",
            "en_title": "Mr. Handy, Mr Hong",
            "genres": [11, 5],
            "open_date": "2004-03-12",
            "director": "강석범",
            "actors": [437, 438, 439],
            "rated": "12세 관람가",
            "summary": "일 없는 동네 아줌마나 탐낼 만 한 직업, 동네 반장을 하고 있는 남자. 훤칠한 키에, 수려한 용모, 모르는 일도 없고 못하는 일도 없는 30살의 남자 홍두식, 홍반장에겐 뭔가 특별한 것이 있다. 특히 그의 군 제대 후 3년의 공백은 그를 더욱 미스터리하게 만든다. 그가 한미 정상회담에서 동시 통역관이었다는 사람도 있고 유명 가수의 보디가드였다, 단신으로 수영해서 대서양을 건넜다는(!)소리도 있다. 귀신도 울고 간다는 이 남자 홍반장에게 일생일대의 태클이 들어왔다!! 윤혜진, 협박용으로 내민 사표가 그 자리에 수리된 비운의 치과의사! 정의로운 완벽 주의자, 치과의사 혜진. 평의사의 인권을 위해 시위하며 내민 사표가 즉석에서 수리된 바람에 직장을 잃은 여자. 자신의 철두철미한 의료행위가 결벽증에 또라이라고 폄하되어도 굴하지 않는 여자.  천만 운전자를 대변하기도 하고, 수백만 성범죄 피해자들을 대변하기도 하는 그녀, 결국 취업을 거부당하고 작은 도시에 정착, 개업을 한다. 개업 선물로 진로 달력을 주질 않나, 자고있는데 들이닥쳐 동네 청소를 하라고 하질 않나, 자장면 한 그릇을 배달시켰다고  도로 가져가질 않나, 무슨 일을 하든 어김없이 나타나서 시비를 건다. 그러는 홍반장은 퍽도 대단한 일을 한다. 자장면 배달에, 편의점 아르바이트에 분식집, 라이브 카페 등, 허접한 일들은 도맡아서 하고 다닌다. 어딜 가든 보이는 그 남자의 얼굴에 치가 다 떨린다. 동네반장 경력 6년에 이렇게 사고치는 여자는 처음 본다. 동네 수퍼에서 남자 목뼈에 금을 그어놓고 치과를 줘도 모자랄 것 같은 외제차를 부셔 놨다. 그래 놓고도 뭐가 그리 당당한지 경찰차에 잡혀가면서도 큰소리다. 자기와 나와는 소셜 포지션(SOCIAL POSITION)이 다르다나? 살다 살다 이렇게 재수없는 여자는 처음이다. 그런데, 자꾸 눈에 걸린다. 일단, 이 남자 싸움을 잘한다. 거의 매트릭스에 가깝다. 본의 아니게 혜진을 구해주는 홍반장, 이런 남자, 여자는 그냥 지나치진 못한다. 그리고 이남자, 따뜻하다. 뭔가 다른 세상을 가지고 있는 듯 하다. 그래서 자꾸자꾸 눈이 간다. 이 여자 장난 아니게 떠들어 댄다. 시끄럽고 짜증나지만, 마치 운율이 있는 것처럼, 새가 노래 부르는 것처럼.. 밤에 어둠이 깔리듯 마음속으로 파고드는 것을 어쩔 수 없다. 처음으로 내가 가진 것이 없는 것이 속상해진다.",
            "imageurl": "https://movie-phinf.pstatic.net/20111222_55/1324555258018l2RMz_JPEG/movie_image.jpg?type=m203_290_2"
        }
    },
    {
        "pk": 203,
        "model": "movies.Movie",
        "fields": {
            "title": "나우 유 씨 미 : 마술사기단",
            "en_title": "Now You See Me",
            "genres": [16, 7, 13],
            "open_date": "2013-08-22",
            "director": "루이스 리터리어",
            "actors": [431, 378, 432],
            "rated": "12세 관람가",
            "summary": "1년 전만 해도 무명이었던 길거리 마술사 '포 호스맨'은단 3초만에 파리 은행의 비자금을 통째로 털어 관객들에게 뿌리는 매직쇼를 성공시켜 전세계의 이목을 끈다. 하지만 이것은 '시선 끌기'였을 뿐!  포 호스맨의 범행은 점점 더 거대해지고 치밀해지는데... 전세계를 무대로 한 통쾌하고 짜릿한 완전범죄 매직쇼가 시작된다!",
            "imageurl": "https://movie-phinf.pstatic.net/20130708_96/13732598928852B7W7_JPEG/movie_image.jpg?type=m203_290_2"
        }
    },
    {
        "pk": 204,
        "model": "movies.Movie",
        "fields": {
            "title": "라스트 사무라이",
            "en_title": "The Last Samurai",
            "genres": [9, 6, 1, 14],
            "open_date": "2004-01-09",
            "director": "에드워드 즈윅",
            "actors": [129],
            "rated": "15세 관람가",
            "summary": "{사람들은 일본은 칼에 의해 만들어진 나라라고 한다. 그들은 옛날신이 산호잎을 바다에 담갔다가, 다시 꺼냈을 때 네 개의 완전한 방울이 바다에 떨어졌다고 한다. 그 방울들이 일본이 된 것이다. 내 생각엔 일본은 소수의 용맹한 자들의 의해 만들어졌다. 전사들은 그들의 생명을 내던졌다. 이젠 잊혀진 단어 '명예'라는 것을 위해.}  조국과 명예를 위해 목숨을 걸고 전장터를 누볐던 네이든 알그렌 대위(탐 크루즈). 그러나 남북전쟁이 끝난 후, 세상은 변했다. 용기와 희생, 명예와 같은 군인의 덕목은 실용주의와 개인의 이익을 추구하는 시대 흐름에 밀려 설 자리를 잃게 되고, 그가 참여했던 전쟁의 명분조차 퇴색해버리자 알그렌은 허탈감에 빠진다. 그리고 지구 반대편에선 또 한명의 무사가 가치관의 혼란 속에 갈등을 겪고 있었다. 황제와 국가에 목숨 바쳐 충성해온 사무라이의 마지막 지도자 카츠모토(켄 와타나베)가 바로 그. 미국이 신문명의 조류 속에서 변혁의 소용돌이에 휘말려있던 그 시기에 일본의 전통 문화 역시 서양 문물의 도입으로 개혁의 홍역을 앓고, 새롭게 도입된 철도와 우편제도는 사무라이가 수세기 동안 목숨 걸고 지켜온 가치관을 뒤흔들어 놓고 있었던 것이다. 그러나, 카츠모토에게 사무라이의 정신이 없는 삶은 곧 죽음이었다.  비슷한 처지에 놓이게 된 알그렌과 카츠모토, 이 두 군인은 서구 열강의 신 문물에 매료된 일본 제국의 젊은 황제가 신식 군대 조련을 위해 알그렌을 초빙하면서 운명적으로 조우하게 된다. 서구화를 가속화 시키기 위해 황제의 측근들은 사무라이 집단을 제거하려는 음모를 꾸미고, 알그렌은 자신이 뜻밖에도 사무라이에 대해 연민과 동질의식을 느끼고 있음을 깨닫는다. 신념과 무사정신으로 무장한 사무라이의 모습이야말로 한때 자기 자신의 모습이 아니었던가! 두 시대와 두 세계가 거세게 충돌하는 이 낯선 세계에 던져진 알그렌. 그는 군인의 명예심 하나로 자기의 앞길을 헤쳐나가는데.  {그리하여 사무라이의 시대는 끝이 났다. 때로는 국가도 사람처럼 운명이 있다고들 한다. 미국인 대위에 대해선 그 누구도 어찌됐는지 모른다. 어떤 이는 상처 때문에 죽었다고 하고, 다른 이는 고국으로 돌아갔다고 한다. 하지만 나는 그가 마침내 평화의 작은 기준을 찾아냈다고 생각하고 싶다. 우리 모두가 원하지만, 그 누구도 찾아내지 못했던 평화를.}",
            "imageurl": "https://movie-phinf.pstatic.net/20111221_140/132445783688054a9o_JPEG/movie_image.jpg?type=m203_290_2"
        }
    },
    {
        "pk": 205,
        "model": "movies.Movie",
        "fields": {
            "title": "이층의 악당",
            "en_title": 0,
            "genres": [11, 16],
            "open_date": "2010-11-24",
            "director": "손재곤",
            "actors": [440, 441],
            "rated": "15세 관람가",
            "summary": "연주는 매일같이 반복되는 하루가 무료하고 일상에 지쳐있는 까칠한 여자로, 외모 콤플렉스에 사로잡힌 여중생 딸 성아와 단 둘이 살고 있다. 설상가상으로 경제적인 어려움에 처하게 된 그녀는 비어있는 2층을 세놓기로 결정한다. 때 마침, 이 평범하지 않은 모녀의 주위를 돌며 그녀들의 일거수일투족을 관찰하던 창인. 자신을 작가라 밝힌 그는 소설을 쓰기 위해 두 달간만 지내겠다며 2층 방으로 이사를 오게 된다. 이 후 호시탐탐 기회를 엿보던 창인은 모녀가 집을 비우면 1층으로 내려와 무언가를 찾는 듯 수상한 행동을 하기 시작하고 이를 지켜본 동네 주민들은 그의 정체를 의심하기 시작한다.",
            "imageurl": "https://movie-phinf.pstatic.net/20111223_112/13246267229425B0NC_JPEG/movie_image.jpg?type=m203_290_2"
        }
    },
    {
        "pk": 206,
        "model": "movies.Movie",
        "fields": {
            "title": "해롤드와 쿠마",
            "en_title": "Harold & Kumar Go To White Castle",
            "genres": [11, 6],
            "open_date": "2005-09-22",
            "director": "대니 레이너",
            "actors": [442, 443],
            "rated": "청소년 관람불가",
            "summary": "해롤드는 이땅의 성실과 근면의 민족성을 띄고 한 몸 바쳐 동료들의 업무까지 마지못해 짊어져야하는 소심쟁이로, 미국에서 월스트리트의 투자 전문가로 일하는 한국계 바른생활 젊은이다. 그에게 있어 기분 좋은 날이란 퇴근하는 길, 옆집에 살고 있는 긴 생머리의 마리아와 엘리베이터에서 마주치는 일. 그의 둘도 없는 룸메이트, 쿠마는 의사지망생으로서 무인도에 떨어뜨려놔도 대마초와 함께라면 살 수 있다는 대마초 매니아이다.  퇴근을 하고 돌아온 해롤드는 나이쓰한 거시기 털을 만들어보겠다고 분재(?)에 한창이던 쿠마의 행동을 보고는 기함을 한다. 시끌벅적하게 시작된 금요일 밤, TV를 보다 '화이트 캐슬' 햄버거 광고를 보고는 완.존.히. 필꽂혀 후끈 달아오르는 경험을 한 해롤드와 쿠마는 자신들의 필생의 임무(?)가 바로 그 햄버거를 먹어버리는 것임을 깨닫는데...",
            "imageurl": "https://movie-phinf.pstatic.net/20111221_214/13244634501310BLE1_JPEG/movie_image.jpg?type=m203_290_2"
        }
    },
    {
        "pk": 207,
        "model": "movies.Movie",
        "fields": {
            "title": "더 브레이브",
            "en_title": "True Grit, The Brave",
            "genres": [6, 1, 3],
            "open_date": "2011-02-24",
            "director": "에단 코엔",
            "actors": [99, 444, 445],
            "rated": "15세 관람가",
            "summary": "14세 소녀 ‘매티’(헤일리 스타인펠드)는 자신의 아버지를 잔인하게 살해한 무법자 ‘톰 채니’(조쉬 브롤린)에게 복수를 다짐하고 젊은 시절 악명 높았던 연방보안관 ‘카그번’ (제프 브리지스)을 고용해 그의 뒤를 쫓기 시작한다. 그러나 술주정뱅이 ‘카그번’은 그녀를 계속 실망시키고, 여기에 현상금을 노린 텍사스 특수경비대원 ‘라 뷔프’(맷 데이먼)까지 가세해 무법자 ‘톰 채니’를 잡기 위한 위험한 동행이 시작된다. 어울릴 것 같지 않는 그들이 미국 서부를 배경으로 숨막히는 추격전을 시작한다!",
            "imageurl": "https://movie-phinf.pstatic.net/20111223_298/1324633065081Q43eV_JPEG/movie_image.jpg?type=m203_290_2"
        }
    },
    {
        "pk": 208,
        "model": "movies.Movie",
        "fields": {
            "title": "데드 얼라이브",
            "en_title": "Braindead, Dead Alive",
            "genres": [4, 11],
            "open_date": "1996-08-14",
            "director": "피터 잭슨",
            "actors": [446, 447],
            "rated": "청소년 관람불가",
            "summary": "1957년 수마트라 남서쪽 스컬섬(Skull Island, Southwest Of Sumatra, 1957). 뉴질랜드 동물국 소속 사람들이 원주민들의 추적을 받으며 원숭이를 밀렵해 온다.  뉴질랜드. 할머니의 점괘로 자신의 배우자를 기대하는 처녀 파퀴타(Paquita Maria Sanchez: 다이아나 페넬버 분)는 가게를 방문한 순진한 청년 라이넬(Lionel Cosgrove: 티모시 발므 분)과 운명적인 사랑을 느낀다. 강압적인 홀어머니와 사는 엉뚱한 청년 라이넬은 어느날 파퀴타와 함께 동물원을 방문했다가 수마트라에서 운반한 기괴한 원숭이를 발견하는데, 이때 두 사람을 감시하던 라이넬의 어머니가 그 문제의 기괴한 원숭이에게 팔을 물리고 만다. 이때부터 변해가는 라이넬의 어머니.  윌링톤여성복지회(WLWL) 회장 로라가 방문하는 날, 라이넬의 어머니는 피부가 벗겨지고 귀가 떨어져 나가는 등 흉칙한 몰골로 변해가는데.",
            "imageurl": "https://movie-phinf.pstatic.net/20130422_189/1366594229373QYHdb_JPEG/movie_image.jpg?type=m203_290_2"
        }
    },
    {
        "pk": 209,
        "model": "movies.Movie",
        "fields": {
            "title": "엑스맨",
            "en_title": "X-Men",
            "genres": [10, 9],
            "open_date": "2000-08-12",
            "director": "브라이언 싱어",
            "actors": [448, 56, 112],
            "rated": "12세 관람가",
            "summary": "{돌연변이는 인간 진화의 핵심 요소다. 인간을 작은 세포에서 지구상 가장 진화된 종으로 발전시켰다. 그 과정은 매우 느려서 보통 까마득한 시간이 걸린다. 그러나 수백만 년마다 획기적인 진화가 이룩된다.}  사이클롭스, 진 그레이, 스톰은 유전자변이로 탄생한 일종의 '호모 슈피리어'들로서 각자 특이한 능력을 지니고 있다. 사이클롭스(제임스 마스든 분)는 강력한 에너지 빔을 눈에서 뿜어내고, 진 그레이(팜케 얀센 분)는 염력을 가지고 있으며, 스톰(할 배리 분)은 날씨를 마음대로 조절할 수 있는 능력을 가지고 있는 것이다. 이들과 같은 소수의 변종들이 가진 능력에 혐오감과 두려움을 느끼고 적대시하는 사람들 중의 대표자격인 미국 상원의원 로버트 켈리(브루스 데이비슨 분)는 변종들로부터의 위험을 없애기 위한 법안을 추진한다. 이러한 분위기 속에서도 찰스 프란시스 자비에 교수, 일명 교수 X(패트릭 스튜어트 분)는 스톰, 사이클롭스, 진 그레이와 같은 변종들을 모아 그들이 가진 능력을 조절할 수 있도록 가르치고, 자신의 힘을 인류를 위해 사용하는 'X 맨'이 되도록 지도한다.  자비에는 새로운 두 명의 멤버를 받아들이는데, 한 명은 갈퀴손톱을 가진 엄청난 전투력의 소유자 울브린/로간(휴 잭맨 분)이고, 또 한 명은 만지기만 하면 상대방의 기억과 힘을 빨아들일 수 있는 신비한 소녀 로그(안나 파킨 분)다. 한편, 홀로코스트의 산증인으로서 한때 자비에 박사의 친구였던 사상 최강의 변종 인간 에릭 렌스헤어, 일명 마그네토(이안 맥켈런 분)는 자신들을 몰아내려는 인간사회에 등을 돌리고, 인류와 변종들은 결코 공존할 수 없으며, 변종들이 미래를 지배할 것이라 선언한다. 마그네토는 맘모스 사브레투쓰(타릴러 메인), 모습을 마음대로 바꾸는 미스틱(레베카 로민-스타모스 분), 엄청난 점프력을 가진 토드(레이 파크 분) 등을 이끌고 인류를 향한 공격을 시작한다. 이제 자비에 교수가 이끄는 정의로운 변종들인 X 맨들과 마그네토가 이끄는 사악한 변종집단 사이에 인류의 사활을 건 전투가 시작된다.",
            "imageurl": "https://movie-phinf.pstatic.net/20111222_228/1324498782503dJ3IW_JPEG/movie_image.jpg?type=m203_290_2"
        }
    },
    {
        "pk": 210,
        "model": "movies.Movie",
        "fields": {
            "title": "여고괴담",
            "en_title": "女高怪談, Whispering Corridors",
            "genres": [4, 7],
            "open_date": "1998-05-30",
            "director": "박기형",
            "actors": [449, 450, 451],
            "rated": "15세 관람가",
            "summary": "치마를 입은 하얀 맨발이 물웅덩이를 밟고 지나가면 스산하게 서있는 학교 건물, 불안한 얼굴로 교무 수첩을 뒤적이며 교무실에 혼자 남은 여교사 박기숙(이용녀 분)이 졸업 앨범에서 무엇인가를 확인 한 듯 전화를 걸어 ‘진주가 학교를 계속 다니고 있어’라는 말을 채 끝나기 전에 전화는 끊기고 곧 청체 모를 무언가에 의해 의문의 죽음을 당한다.  날이 밝고 햇살이 비치는 학교 교정. 가장 먼저 등교한 지오(김규리 분)와 재이(최강희 분)가 학교 난간에 매달려 있는 담임의 시체를 발견한다. ‘늙은 여우’라는 별명의 이 여교사의 죽음 뒤, 새로 담임을 맡게 된 오광구는 미친개라는 별명을 가진 악독 선생. 이 선생은 선생님이라는 칭호가 무색할 정도로 악질이다. 모범생에 외모도 뛰어나고 집안 배경도 남부러울 것 없는 소영(박진희 분)은 악질 선생인 오광구에게 특별한 총애를 받는데, 그 총애는 때로 총애 이상의 의심스런 터치로까지 발전한다.  체육관에서 박선생의 의문스런 자살을 목격한 학생들의 함구 명령을 받을 때는 일명 사랑봉이라 불리는 막대기로 가슴부분을 찔러대며 갖은 모욕을 준다. 한편 자신의 모교에 문학 선생으로 부임해 온 은영(이미연 분)은 자신의 담임이기도 했던 박선생이 죽기 전날 밤, 전화기에 남겼던 말이 귓가에 계속 맴돈다. 마지막 통화에서 남긴 진주라는 이름은 9년 전 무당의 딸이라는 이유로 담임과 친구들에게 따돌림을 당하면서 결국 사고로 죽은 친구였던 것.  학교는 평정을 되찾지만 은영만이 진주의 존재를 느끼며 학생들을 유심히 관찰한다. 우선 옛날 진주가 지녔던 방울종까지 가지고 다니고 애들에겐 점쟁이로 통하는 지오가 눈에 뛴다. 그런데 오선생에게 미움이 단단히 박힌 지오가 죽은 선생의 모습을 그린 것이 들통나 오선생에게 구타를 당하고 혼줄이 나는데, 그날 밤 학생들의 공포 대상인 오선생이 숙직 중에 잔인한 모습으로 살해되기에 이른다.",
            "imageurl": "https://movie-phinf.pstatic.net/20111222_279/1324561798931yvTxd_JPEG/movie_image.jpg?type=m203_290_2"
        }
    },
    {
        "pk": 211,
        "model": "movies.Movie",
        "fields": {
            "title": "조작된 도시",
            "en_title": "Fabricated City",
            "genres": [9, 16],
            "open_date": "2017-02-09",
            "director": "배종",
            "actors": [452, 162, 453],
            "rated": "15세 관람가",
            "summary": "게임 세계 속에서는 완벽한 리더지만 현실에서는 평범한 백수인 ‘권유’(지창욱). PC방에서 우연히 휴대폰을 찾아 달라는 낯선 여자의 전화를 받게 되고 이후, 영문도 모른 채 그녀를 잔인하게 살해한 범인으로 몰리게 된다  모든 증거는 짜맞춘 듯 권유를 범인이라 가리키고, 아무도 그의 결백을 믿어주지 않는 가운데  권유의 게임 멤버이자 초보 해커인 ‘여울’(심은경)은 이 모든 것이 단 3분 16초 동안, 누군가에 의해 완벽하게 조작되었음을 알게 된다.  특수효과 전문 ‘데몰리션’(안재홍)을 비롯 게임 멤버가 모두 모여 자신들만의 새로운 방식으로 사건의 실체를 추적해나가기 시작하고,  조작된 세상에 맞서기 위한 짜릿한 반격에 나서는데...!  살인자로 조작된 시간, 단 3분 16초 그들이 짜놓은 세상, 우리가 뒤집는다!",
            "imageurl": "https://movie-phinf.pstatic.net/20170206_87/1486347556947SbfPd_JPEG/movie_image.jpg?type=m203_290_2"
        }
    },
    {
        "pk": 212,
        "model": "movies.Movie",
        "fields": {
            "title": "신의 한 수",
            "en_title": "The Divine Move",
            "genres": [16, 9],
            "open_date": "2014-07-03",
            "director": "조범구",
            "actors": [454, 455, 456],
            "rated": "청소년 관람불가",
            "summary": "프로 바둑기사 태석(정우성)은 내기바둑판에서 살수(이범수)팀의 음모에 의해 형을 잃는다. 심지어 살인 누명을 쓰고 교도소에서 복역하기에 이르고, 몇 년 후 살수와의 대결을 위해 전국의 내로라하는 선수들을 모은다.  각자의 복수와 마지막 한판 승부를 위해 모인 태석(정우성), 주님(안성기), 꽁수(김인권), 허목수(안길강)는 승부수를 띄울 판을 짠다. 단 한번이라도 지면 절대 살려두지 않는 악명 높은 살수(이범수)팀을 향한 계획된 승부가 차례로 시작되고…… 범죄로 인해 곪아버린 내기바둑판에서 꾼들의 명승부가 펼쳐진다.",
            "imageurl": "https://movie-phinf.pstatic.net/20140603_16/1401760272322q7OHX_JPEG/movie_image.jpg?type=m203_290_2"
        }
    },
    {
        "pk": 213,
        "model": "movies.Movie",
        "fields": {
            "title": "8명의 여인들",
            "en_title": "8 Femmes, 8 Women",
            "genres": [11, 16, 17, 13],
            "open_date": "2004-02-27",
            "director": "프랑소와 오종",
            "actors": [457, 458, 459],
            "rated": "15세 관람가",
            "summary": "1950년대 프랑스 한 시골 저택. 크리스마스를 맞아 가족들이 모이지만 그들의 사랑하는 가장이 살해되는 사건이 일어난다. 그 저택은 고립되어 있었기 때문에 살인자는 집에 있던 여덟 명의 여인들 중 한 사람인 것이 틀림없다. 그의 부인이었을까? 노처녀 처제? 욕심 많은 장모? 건방진 가정부 아니면 성실한 가정부? 어쩌면 그의 두 딸들? 깜짝 방문을 한 매력적인 여동생일 가능성은?",
            "imageurl": "https://movie-phinf.pstatic.net/20111222_38/13245291108920KrcC_JPEG/movie_image.jpg?type=m203_290_2"
        }
    },
    {
        "pk": 214,
        "model": "movies.Movie",
        "fields": {
            "title": "레지던트 이블 2",
            "en_title": "Resident Evil: Apocalypse",
            "genres": [9, 4, 10, 7],
            "open_date": "2004-11-05",
            "director": "알렉산더 윗",
            "actors": [460, 461, 462],
            "rated": "청소년 관람불가",
            "summary": "{내 이름은 앨리스. 소속은 엄브렐라 코퍼레이션(Umbrella Corporation). 세계 최대규모의 회사다. 난 보안 책임자였다. 하이테크 시설인 하이브(The Hive)는 거대한 규모의 지하 실험실로써, 바이러스 무기를 만들었다. 그러나 사고 때문에 세균이 누출, 모두 사망했다. 문제는 그들이 죽지 않는다는 것! T-바이러스(T-virus)가 되살려냈다. 나와 환경학자 매트는 생존했다. 우린 엄브렐라 과학자한테 잡혔고, 따로 격리됐다. 우린 공포가 끝난 줄 알았다. 하지막 착각이었다.}  앨리스가 봉인하고 탈출한 하이브를 엄브렐러가 연구목적으로 다시 열면서 죽음의 바이러스는 라쿤 시티 전체로 확산된다. 탈출하려는 시민들로 도시는 거의 폭동으로까지 번지지만, 엄브렐러사는 자신들의 실수를 은폐하기 위해 도시와 외부가 연결되는 유일한 통로를 차단해 버리고 만다. 낯선 병원에서 눈을 뜬 앨리스는 폐쇄된 도시 속에 또다시 고립되었음을 알게되는데...  한편 차단된 라쿤 시티에 갇힌 특수요원 질 일행과 합류한 앨리스는 한치 앞을 예상할 수 없는 죽음의 공포 속에서 힘겨운 싸움을 벌이던 중, T바이러스 개발자인 찰스박사로부터 도시 어딘가에 고립된 그의 어린 딸을 구해주는 조건으로 그들에게 탈출할 방법을 알려주겠다는 거래를 제안받는다. 이제 앨리스 일행의 유일한 희망은 도시 어딘가에 숨어있는 과학자의 딸을 구출하는 것 뿐!  사방에서 끊임없이 공격해 들어오는 적들과 힘겨운 싸움을 펼치는 이들에게 엄브렐러사는 증거인멸을 위해 도시 전체를 핵으로 날려버리려고 하고, 설상가상으로 상상을 초월하는 최강의 비밀병기 ‘네메시스’가 앨리스 일행을 가로막는다. 이들에게 남은 시간은 단 4시간! 이제 시시각각 조여오는 죽음의 공포 속에 영화는 점점 한치 앞을 내다볼 수 없는 숨막히는 미로 속으로 빠져드는데....",
            "imageurl": "https://movie-phinf.pstatic.net/20111223_13/1324577884814ITrnf_JPEG/movie_image.jpg?type=m203_290_2"
        }
    },
    {
        "pk": 216,
        "model": "movies.Movie",
        "fields": {
            "title": "버티칼 리미트",
            "en_title": "Vertical Limit",
            "genres": [6, 1, 9, 7],
            "open_date": "2001-01-13",
            "director": "마틴 캠벨",
            "actors": [464, 465, 466],
            "rated": "12세 관람가",
            "summary": "{\"사람은 평생을 후회할 결정을 내려야 할 때가 있다.\"}  세계 최고의 산악인 로이스는 어느날 아들 피터(크리스 오도넬 분)와 딸 애니(로빈 튜니 분), 그리고 자신의 대원들과 함께 암벽 등반을 즐긴다. 깎아지른 절벽에서 정상을 향한 모험을 즐기던 이들은 한 대원의 실수로 팀 모두가 가장 아래쪽에 있던 애니의 자일에 매달리게 된다. 결국 대원들은 끝이 보이지 않는 절벽 아래로 떨어져 버리고 마지막으로 피터, 로이스, 그리고 애니만이 자일 하나에 몸을 지탱하게 된다. 자일 하나로는 세 명이 지탱할 수 없다는 사실을 알고 있던 로이스는 침착한 어조로 피터에게 자신에게 묶인 자일을 자르라고 강요한다. 삶과 죽음을 결정짓는 찰나의 순간. 동생 애니의 만류하는 비명 속에 피터는 떨리는 손으로 칼을 든다.  3년 후. 부유한 사업가인 엘리엇(빌 팩스턴 분)은 자신의 항공사의 이벤트를 위해 세계에서 가장 어렵다는 등반 코스인 K2 등정을 계획한다. 사고 이후로 산을 버린 채 은둔한 사진작가로 살고 있는 피터는 다큐멘터리 방송 팀으로 등반대에 합류하게 된 애니와 만나게 된다. 껄끄러운 남매의 상봉도 잠시, 애니는 등정을 만류하는 피터를 차갑게 외면한다. 정복 날짜를 정하고 등반하는 무모한 일정을 비난하는 산악 전문가 몽고메리 윅(스콧 글랜 분)은 일행을 비난하지만 계획대로 다음날 등반은 시작된다. 그리고 오랜만에 나타난 먹이를 놓치지 않으려는 듯 K2는 평온한 모습으로 이들을 맞이하는데, 곧 산의 분노가 시작된다.  등반이 시작되고 기상이 악화됨에도 불구하고 등반을 강행하던 이들에게 급기야 거대한 눈 폭풍이 덮친다. 속수무책인 등반대는 하나 둘씩 죽어가고 애니와 엘리엇을 포함한 3명의 대원들만이 버티칼 리미트(생명체가 살 수 없는 수직한 계점)의 깊은 골짜기로 빠져들며 실종되게 된다. 그들에게 남은 것은 고작 22시간뿐. 몇 시간 후 베이스 캠프의 사람들은 실종된 애니로부터 희미한 구조 신호를 받게 된다. 슬픔에 잠겨 있던 피터는 이들의 구조를 요청하지만 K2 정복을 자신하던 등반대는 발뺌을 하며 이를 거부한다. 결국, 피터는 스스로 구조대를 모집하게 되고 몽고메리를 포함한 6명의 단원들이 최악의 상황에서 K2와의 싸움을 시작한다.",
            "imageurl": "https://movie-phinf.pstatic.net/20111223_182/13245828119304T8NT_JPEG/movie_image.jpg?type=m203_290_2"
        }
    },
    {
        "pk": 217,
        "model": "movies.Movie",
        "fields": {
            "title": "태양의 눈물",
            "en_title": "Tears Of The Sun",
            "genres": [14, 9, 1, 7],
            "open_date": "2003-04-04",
            "director": "안톤 후쿠아",
            "actors": [467],
            "rated": "12세 관람가",
            "summary": "유전 소유권을 둘러싼 쿠테타로 내전에 휩싸인 나이지리아. 무차별 살육이 자행되는 광기의 현장에 외국인 철수작전을 위해 최정예 네이비씰 워터스(브루스 윌리스)가 이끄는 특수부대가 파견된다. 하지만 리나 켄드릭스 박사(모니카 벨루치)만 구출하면 끝날 줄 알았던 단순한 임무는 반정부군의 출현으로 예상치 못했던 위험과 직면하게 된다.  리나의 환자 중에 숨어있던 전대통령의 유일한 후계자를 노리는 반정부군의 추격이 점차 거세지는 가운데, 워터스 일행은 모든 것을 포기하고 즉각 철수하라는 상부의 최종통보를 받는다. 워터스와 리나 일행의 위치를 파악한 반정부군은 대규모 병력을 동원한 총공격을 감행하는데… 명령으로 주어진 임무만 수행하고 살아남을 것인가, 목숨을 걸고 자신이 선택한 임무를 수행할 것인가? 이제 워터스가 선택한 최후의 길은.  {선의 방관은 악의 승리를 꽃피운다(The Only thing necessary for the triumph of evil is for good men to do nothing.) - 에드먼드 버크(Edmund Burke)}",
            "imageurl": "https://movie-phinf.pstatic.net/20111222_50/1324562500020ltt4k_JPEG/movie_image.jpg?type=m203_290_2"
        }
    },
    {
        "pk": 218,
        "model": "movies.Movie",
        "fields": {
            "title": "인천상륙작전",
            "en_title": "Operation Chromite",
            "genres": [14, 1],
            "open_date": "2016-07-27",
            "director": "이재한",
            "actors": [176, 455, 90],
            "rated": "12세 관람가",
            "summary": "1950년 6월 25일 북한의 기습 남침으로 불과 사흘 만에 서울 함락,  한 달 만에 낙동강 지역을 제외한 한반도 전 지역을 빼앗기게 된 대한민국.  국제연합군 최고사령관 ‘더글라스 맥아더’(리암 니슨)는 모두의 반대 속 인천상륙작전을 계획한다.  성공확률 5000:1, 불가능에 가까운 작전. 이를 가능케 하는 것은 단 하나, 인천으로 가는 길이 확보되어야 하는 것뿐이다.   맥아더의 지시로 대북 첩보작전 ‘X-RAY’에 투입된 해군 첩보부대 대위 ‘장학수’(이정재)는   북한군으로 위장 잠입해 인천 내 동태를 살피며 정보를 수집하기 시작한다. 하지만 인천 방어사령관 ‘림계진’(이범수)에 의해 정체가 발각되는 위기에 놓인 가운데   ‘장학수’와 그의 부대원들은 전세를 바꿀 단 한번의 기회, 단 하루의 작전을 위해  인천상륙 함대를 유도하는 위험천만한 임무에 나서는데...  역사를 바꾼 비밀 연합작전 그 시작은 바로 그들이었다!",
            "imageurl": "https://movie-phinf.pstatic.net/20160715_16/1468568203431zYbBs_JPEG/movie_image.jpg?type=m203_290_2"
        }
    },
    {
        "pk": 219,
        "model": "movies.Movie",
        "fields": {
            "title": "돼지의 왕",
            "en_title": "The King of Pigs",
            "genres": [15, 7],
            "open_date": "2011-11-03",
            "director": "연상호",
            "actors": [433, 468, 469],
            "rated": "청소년 관람불가",
            "summary": "회사 부도 후 충동적으로 아내를 살인한 ‘경민(목소리 오정세)’은 자신의 분노를 감추고 중학교 동창이었던 ‘종석(목소리 양익준)’을 찾아 나선다. 소설가가 되지 못해 자서전 대필작가로 근근히 먹고 사는 종석은 15년 만에 찾아온 경민의 방문에 당황한다. 경민은 무시당하고 짓밟혀　지우고 싶었던　중학교 시절과 자신들의 우상이었던 '철이(목소리 김혜나)' 이야기를 종석에게 꺼낸다. 그리고 경민은 학창시절의 교정으로 종석을 이끌어, 15년 전 그날의 충격적인 진실을 밝히려 하는데...",
            "imageurl": "https://movie-phinf.pstatic.net/20111223_213/1324648381006hL39S_JPEG/movie_image.jpg?type=m203_290_2"
        }
    },
    {
        "pk": 220,
        "model": "movies.Movie",
        "fields": {
            "title": "매드니스",
            "en_title": "In The Mouth Of Madness",
            "genres": [4, 2, 13, 7],
            "open_date": "1995-03-18",
            "director": "존 카펜터",
            "actors": [470, 471, 472],
            "rated": "15세 관람가",
            "summary": "작가 서터 케인(Sutter Cane: 유르겐 프록나우 분)은 알케인 출판사 전속작가로 이 출판사에 수십억 달러를 벌어들이게 한 일등공신. 여기서 출간한 단 6편의 작품으로 그의 책은 이미 세계 18개국의 언어로 번역돼 각광받고 있다. 그리고 이제 그의 열성독자들은 그의 마지막 소설이 될 '광염 속으로(In The Mouth Of Madness)'를 미치광이처럼 기다리고 있다. 케인의 5번째 소설 '홉스의 끝'이라는 책의 제목처럼, '광염 속으로'에는 이야기의 배경이 우연히도 뉴잉글랜드의 작은 마을 '홉스의 끝'이라는 곳에서 시작된다. 이 책에서 작가 케인은 조용한 마을을 인류의 운명적인 살인에 관한 신비로운 비밀을 간직한 곳으로 묘사하고 있다.  한편, 알케인 출판사 측에서 케인의 '광염 속으로'에 관한 탈고 원고를 노심초사 기다리고 있을 때, 케인은 끔찍하고 소름 돋히는 그의 원고만을 남겨놓고 어디론가 실종되어 버린다. 의문의 실종에 경악한 출판사측은 즉각 저명한 사립 탐정가 트랜트(John Trent: 샘 닐 분)를 고용하여 갑작스레 사라진 케인의 실종 사건을 의뢰하게 된다.  화려한 찬사를 받는 케인이 독자들의 악성 루머로 잠시 잠적한 것쯤으로 여겼던 트랜트는 사건의 실마리가 풀리지 않자, 케인의 마지막 소설을 탐독, 기괴한 물증을 획득하게 된다. 바로 케인의 작품 제목이자, 마지막 소설의 배경으로 등장하는 '홉스의 끝'. 트랜트는 평상시 성난 예언자라고도 불려지며 비상한 두뇌의 천재라고도 평가받은 케인이 이미 그가 쓴 책 속에서 자신이 곧 실종되리라는 것을 예견하는 글을 또 한차례 발견하게 된다. 이제 트렌트는 케인과 절친했던 편집자 스타일스(Linda Styles: 줄리 카멘 분)와 지도에도 명시되지 않은 뉴잉글랜드의 조그마한 마을 '홉스의 끝'으로 즉각 의문의 여정을 떠나게 된다. 마치 케인의 소설 속의 주인공이 된 것처럼.",
            "imageurl": "https://movie-phinf.pstatic.net/20111223_282/1324569672427EW38J_JPEG/movie_image.jpg?type=m203_290_2"
        }
    },
    {
        "pk": 221,
        "model": "movies.Movie",
        "fields": {
            "title": "인썸니아",
            "en_title": "Insomnia",
            "genres": [7],
            "open_date": "2002-08-15",
            "director": "크리스토퍼 놀란",
            "actors": [80, 53, 204],
            "rated": "15세 관람가",
            "summary": "밤이 없이 낮만 계속되는 '백야(Midnight Sun)'라는 특이한 기간에 접어든 알래스카의 외딴 마을의 쓰레기 하치장에서 17세 소녀의 시체가 전라의 몸으로 발견된다. 용의자도 단서도, 목격자도 없는 이 의문의 살인사건에 LA경찰국 소속 베테랑 형사 도머(알 파치노 분)가 투입되고 도머는 그의 오랜 파트너 햅과 알래스카 지방 경찰 앨리(힐러리 스웽크 분)와 함께 처음부터 사건을 다시 수사하기 시작한다.  살인이 끝난 후 시체의 구석구석을 닦아주고 머리도 감겨주고 손톱 발톱까지 다듬어 놓은 지능적이고 여유로운 살인자의 흔적을 좀처럼 찾을 수 없던 어느 날, 도머는 쉽게 놓칠 뻔한 단서를 찾아내어 용의자를 추적하게 된다. 그러던 중 안개가 쌓인 어느 해변에서 용의자 대신 파트너인 '햅'을 사살하는 사고를 저지른다.  심한 불면증과 스트레스로 동료를 죽인 그 사고가 자의인지 타의인지 구별조차 못하는 도머는 자신을 향해 조여오는 LA 경찰국 강력반의 내사와 햅이 자신의 부정을 알고 있었다는 상황으로 이 사고를 내사과에서 계획된 범죄로 몰고 갈 것을 직시한다. 결국 도머는 햅의 죽음을 사건 용의자가 범한 살인으로 꾸며댄다. 그 후, 죄책감과 심리적인 압박감, 백야현상으로 인한 불면증에 시달리던 도머는 살인자가 자신이 지목하고 있던 소설가인 핀치(로빈 윌리엄스 분)임을 증명하는 결정적인 단서를 발견하게 된다. 그 순간 도머에게 한 통의 전화가 걸려오고 전화기 속으로 여유롭고 차분한 핀치의 목소리가 들려오는데.  안개 속에서 도머의 살인을 목격한 핀치... '핀치'의 살인을 증명할 결정적인 단서를 갖고있는 '도머'... 이제, 그 둘은 밤이 없는 불면지대인 그 곳에서 자신을 지키기 위한, 그리고 서로를 파멸시키기 위한 숨막히는 두뇌싸움을 벌여야만 하는데.",
            "imageurl": "https://movie-phinf.pstatic.net/20111222_251/13245404052988HLb6_JPEG/movie_image.jpg?type=m203_290_2"
        }
    },
    {
        "pk": 222,
        "model": "movies.Movie",
        "fields": {
            "title": "제인 도",
            "en_title": "The Autopsy of Jane Doe",
            "genres": [4],
            "open_date": "2017-08-23",
            "director": "안드레 외브레달",
            "actors": [473, 474, 475],
            "rated": "청소년 관람불가",
            "summary": "3대째 부검소를 운영 중인 토미와 오스틴 부자는 보안관의 다급한 의뢰로 신원미상인 젊은 여성의 부검을 하게 된다. 하지만 그녀의 몸에 숨겨져 있던 흔적들에서 끔찍한 비밀이 밝혀지는데...",
            "imageurl": "https://movie-phinf.pstatic.net/20170816_171/1502868403432awHGW_JPEG/movie_image.jpg?type=m203_290_2"
        }
    },
    {
        "pk": 223,
        "model": "movies.Movie",
        "fields": {
            "title": "섹스 마네킹",
            "en_title": "Love Object",
            "genres": [7, 2, 4],
            "open_date": "2005-07-15",
            "director": "로버트 파리기",
            "actors": [476, 477],
            "rated": "청소년 관람불가",
            "summary": "케네스는 외모도 준수하고 번듯한 직장에서 잘나가는 젊은이인데, 안타깝게도 연애에는 영 젬병이다. 그는 우연히 알게된 인터넷 사이트를 통해 자신의 이상형에 가깝게 선택하는 맞춤형 섹스돌 ‘니키’를 주문한다. 세네스가 주문한 니키는 자신의 비서인 리타와 닮아 있는데, 현실에서 리타와 가까워질수록 케네스에게 이상한 일들이 생기기 시작한다. 현실을 도피하여 자기만의 환상을 선택한 현실 부적응자를 다룬 싸이코 스릴러. 주인공 케네스의 캐릭터는 마약이나 사이버 중독은 물론, 현실도피로서 자기만의 환상에 빠진 사람들 모두를 상징한다. 안타까운 그의 현실 도피는 점점 극단으로 치닫는데, 마지막의 반전은 현실의 아이러니를 함축하고 있다.  줄거리 2. 유능한 샐러리맨인 케네스는 연애에 약하다. 어느 날 우연히 알게 된 인터넷 사이트를 통해, 이상형에 가깝게 선택하여 주문하는 맞춤형 섹스 인형 니키를 주문한다. 케네스의 니키는 자신의 비서인 리자와 닮아있는데, 그는 그 인형을 사람처럼 대하게 된다. 그러나 실제 생활에서 리자와 가까워질수록 케네스의 생활은 엉망이 돼 간다. 리자와의 관계를 니키가 질투한다고 생각한 케네스는 인형을 잘라 버리게 되고, 리자는 케네스가 자신을 인형과 똑같이 만들어 놓고 즐긴다는 사실을 알게 된다. 이에, 직장까지 잘리게 된 케네스는 리자를 집에 가두고, 그녀를 니키처럼 미라로 만들려고 하는데.",
            "imageurl": "https://movie-phinf.pstatic.net/20111221_30/1324450463282p99In_JPEG/movie_image.jpg?type=m203_290_2"
        }
    },
    {
        "pk": 224,
        "model": "movies.Movie",
        "fields": {
            "title": "리지 맥과이어",
            "en_title": "The Lizzie McGuire Movie",
            "genres": [12, 6, 11],
            "open_date": "2004-02-26",
            "director": "짐 펄",
            "actors": [478],
            "rated": "전체 관람가",
            "summary": "이제 막 중학교를 졸업한 평범한 소녀 리지 맥과이어. 고등학교 입학 전 2주간의 로마 답사를 떠난 리지는 그곳에서 이탈리아 최고의 듀오 팝가수 '파울로와 이사벨라'의 파울로를 만나게 된다. 파울로는 자신의 잠적한 파트너 이사벨라와 리지가 닮았다는 것을 알고, 리지에게 이사벨라를 대신에 자신과 함께 무대에 서 달라고 부탁한다. 로마에서 멋진 경험을 하게 된 리지는 겁은 나지만 선생님에게 거짓말을 하면서까지 잘 생기고, 매너 좋은 파울로와 로마를 돌아다니면서 꿈 같은 시간을 보낸다. 드디어 리지와 파울로가 무대에 서는 날. 그런데 진짜 이사벨라가 리지 앞에 나타나고, 과연 리지는 무대에 설 수 있을까?",
            "imageurl": "https://movie-phinf.pstatic.net/20111222_62/1324486917344leDLb_JPEG/movie_image.jpg?type=m203_290_2"
        }
    },
    {
        "pk": 225,
        "model": "movies.Movie",
        "fields": {
            "title": "13시간",
            "en_title": "13 Hours: The Secret Soldiers of Benghazi",
            "genres": [9, 1, 7],
            "open_date": "2016-03-03",
            "director": "마이클 베이",
            "actors": [479, 480, 481],
            "rated": "15세 관람가",
            "summary": "2012년 9월 11일 리비아에서 끔찍한 테러 사건이 발생한다. 벵가지 소재 미국 영사관에 총기와 수류탄을 든 수십 명의 무장 괴한들이 침입하는 충격적인 사건이 벌어진 것. 벵가지에서 비밀리에 작전을 수행하고 있던 CIA를 보호하기 위해 파견된 6명의 민간 특수 용병들은 남아있는 사람들을 구하기 위해 일촉즉발의 구출작전에 나서게 되는데…",
            "imageurl": "https://movie-phinf.pstatic.net/20160225_151/14563917926629G1Ci_JPEG/movie_image.jpg?type=m203_290_2"
        }
    },
    {
        "pk": 226,
        "model": "movies.Movie",
        "fields": {
            "title": "무드 인디고",
            "en_title": "L'ecume des jours, Mood Indigo",
            "genres": [1, 2],
            "open_date": "2014-12-11",
            "director": "미셸 공드리",
            "actors": [482, 483, 484],
            "rated": "15세 관람가",
            "summary": "당신의 사랑은 어떤 색인가요? VIVID 칵테일을 제조하는 피아노를 발명해 부자가 된 콜랭과 당대 최고의 철학가 장 솔 파르트르에게 빠진 그의 절친 시크. 두 사람은 우연히 클로에와 알리즈를 만나게 되면서 운명과도 같은 사랑을 시작한다.   PASTEL 서툴지만 진실된 고백으로 클로에와 결혼에 성공한 콜랭. 반면 시크는 알리즈와 함께 파르트르의 강연에 다니고, 그의 물건을 수집하는 등 값비싼 열정을 이어간다.   MONO 그러던 어느 날, 콜랭은 클로에의 폐에 수련이 자라고 있다는 청천벽력 같은 소식을 듣게 되고, 치료를 위해 전재산을 바치기에 이른다. 한편, 시크는 콜랭이 결혼자금으로 건넨 돈마저 파르트르 물건 수집에 모두 써버리고, 이런 그에게 알리즈는 점점 지쳐간다.   COLORLESS 사랑하는 이를 위해 난생 처음 험난한 노동을 시작한 콜랭과 우상에 미쳐 사랑을 등진 시크. 마침내 두 사람의 사랑에 대한 환상은 색을 점점 잃어가는데…",
            "imageurl": "https://movie-phinf.pstatic.net/20141125_203/1416878090770wDzpn_JPEG/movie_image.jpg?type=m203_290_2"
        }
    },
    {
        "pk": 227,
        "model": "movies.Movie",
        "fields": {
            "title": "위핏",
            "en_title": "Whip It",
            "genres": [1],
            "open_date": "2010-02-18",
            "director": "드류 베리모어",
            "actors": [485, 486],
            "rated": "12세 관람가",
            "summary": "새하얀 순백 드레스를 입고 얌전한 척 미소 지어야 하는 미인대회가 지겨운 블리스. 부모님은 오로지 미인대회에서 우승해야지만 탄탄대로 인생이 펼쳐진다지만, 블리스에게는 고리타분하기만 하다. 그러던 어느 날 블리스는 자신의 인생을 180도 바꿔줄 새로운 세계를 알게 된다. 파워풀한 에너지, 온 몸에 전율이 느껴지는 것만 같은 스피드로 가득 찬 ‘롤러더비’ 경기에 블리스는 단번에 매료도어 ‘헐 스카우트’ 팀에 지원한다. 21세 이상의 성인만 참여할 수 있다는 얘기에 자신도 모르게 거짓말을 하고, 부모님께도 사실을 숨긴 채 맹연습에 돌입한다. 그 동안 몰랐던 스피드 본능을 깨워 ‘롤러더비’ 세계에 첫 발을 디딘 블리스는 이제 최고의 대회를 눈앞에 두고 있는데…",
            "imageurl": "https://movie-phinf.pstatic.net/20111223_280/1324603191493bKAXU_JPEG/movie_image.jpg?type=m203_290_2"
        }
    },
    {
        "pk": 228,
        "model": "movies.Movie",
        "fields": {
            "title": "오퍼나지 - 비밀의 계단",
            "en_title": "El Orfanato, The Orphanage",
            "genres": [2, 7],
            "open_date": "2008-02-14",
            "director": "후안 안토니오 바요나",
            "actors": [487, 488],
            "rated": "15세 관람가",
            "summary": "로라, 카를로스 부부와 아들 시몬은 과거 고아원이었던 대저택으로 이사를 온다. 이 고아원에서 어린시절을 보낸 로라는 병에 걸린 시몬의 건강을 돌보기 위해 외딴 바닷가에 위치한 이곳을 고집했다. 하지만 이사온지 얼마 안돼서 시몬은 이 집에 친구들이 있다며 놀러 다닌다. 더구나 친구들로부터 자신은 입양된 아이고, 곧 죽을 것이라고 들었다며 괴로워한다. 로라는 출생의 비밀을 알아버린 시몬에게 놀라워하지만, 친구들이 있다는 소리는 말도 안 되는 아이의 장난으로 여긴다.  그러던 어느 날, 시몬의 기분 전환을 위해 동네 사람들과 파티를 열게 되는데 그 파티에서 시몬은 사라지고 만다. 시간은 점점 흐르고, 모두가 시몬이 죽었다고 생각하는 가운데 로라는 시몬이 말했던 보이지 않는 친구들의 존재가 자신의 과거와 모종의 관계가 있음을 깨닫게 되는데…",
            "imageurl": "https://movie-phinf.pstatic.net/20111222_250/1324488806915zxg9K_JPEG/movie_image.jpg?type=m203_290_2"
        }
    },
    {
        "pk": 229,
        "model": "movies.Movie",
        "fields": {
            "title": "쥬라기 월드: 폴른 킹덤",
            "en_title": "Jurassic World: Fallen Kingdom",
            "genres": [9, 6, 10],
            "open_date": "2018-06-06",
            "director": "후안 안토니오 바요나",
            "actors": [489, 490],
            "rated": "12세 관람가",
            "summary": "지상 최대의 테마파크 ‘쥬라기 월드’가 폐쇄된 이후 화산 폭발 조짐이 일어나자, 오웬(크리스 프랫)과 클레어(브라이스 달라스 하워드)는 공룡들의 멸종을 막기 위해  이슬라 누블라 섬으로 떠난다.  한편, 진화된 공룡들을 이용하려는 세력의 거대한 음모가 드러나고, 절대 지상에 존재해선 안될 위협적 공룡들이 마침내 세상 밖으로 등장하게 되는데…",
            "imageurl": "https://movie-phinf.pstatic.net/20180814_31/1534222196427nyBw8_JPEG/movie_image.jpg?type=m203_290_2"
        }
    },
    {
        "pk": 230,
        "model": "movies.Movie",
        "fields": {
            "title": "사랑하기 때문에",
            "en_title": "BECAUSE I LOVE YOU",
            "genres": [11, 5],
            "open_date": "2017-01-04",
            "director": "주지홍",
            "actors": [178, 491, 492],
            "rated": "12세 관람가",
            "summary": "사랑하는 그녀에게 고백하러 가던 날, 갑작스러운 사고로 사랑에 서툰 사람들의 몸에 들어갈 수 있는 뜻밖의 능력(?)을 가지게 된 작곡가 '이형'(차태현)    여고생 K양을 시작으로 이혼위기 P씨, 모태솔로 노총각 Y씨 첫사랑만 찾는 치매할머니 K씨까지! 유일하게 자신의 비밀을 알아챈 4차원 소녀 '스컬리'(김유정)의 도움으로 인생 최대의 위기를 기회로 바꿔보기로 한다.    '이형'은 과연 인생 최고의 순간을 맞이할 수 있을 것인가?",
            "imageurl": "https://movie-phinf.pstatic.net/20170104_177/1483511463785599vQ_JPEG/movie_image.jpg?type=m203_290_2"
        }
    },
    {
        "pk": 231,
        "model": "movies.Movie",
        "fields": {
            "title": "박물관이 살아있다!",
            "en_title": "Night At The Museum",
            "genres": [9, 6, 11, 12, 2],
            "open_date": "2006-12-21",
            "director": "숀 레비",
            "actors": [493],
            "rated": "전체 관람가",
            "summary": "엉뚱한 사업 아이템으로 하는 일 마다 늘 실패만 하는 래리 델리(벤 스틸러 분). 그를 더 이상 견뎌내지 못한 부인이 곁을 떠나자 래리는 하나 밖에 없는 아들에게만큼은 떳떳한 아버지가 되기 위해 직장을 찾아 나선다. 별 볼일 없는 그에게 온 유일한 기회는, 모든 사람들이 기피하는 자연사 박물관 야간 경비원.  아무것도 내보내지 말라 는 선배 경비원의 기이한 충고를 들은 근무 첫 날 밤, 래리는 박물관의 전시물들이 살아 움직이는 놀라운 광경을 목격한다.  박물관 전시품들은 매일 밤 제멋대로 움직이며 래리를 괴롭힌다. 마야인들, 로마의 글래디에이터들, 카우보이들이 살아나 그들끼리의 전쟁을 벌이기 시작하고, 네안데르탈인은 자신의 디스플레이 케이스를 불태우고, 가장 포악한 공룡 티라노사우루스는 래리를 못 잡아 먹어 안달이다. 이런 대혼란 속에서 래리가 상담할 상대는 왁스 모형인 루즈벨트 대통령(로빈 윌리엄스 분)뿐. 아들을 위해 어떤 역경 속에서도 박물관을 무사히 보호해야만 하는 래리는 첫 날 선배들에게 들었던 충고가 잊혀지지 않는다. 과연 이 박물관에는 무슨 비밀이 있는 것일까?",
            "imageurl": "https://movie-phinf.pstatic.net/20111221_179/132446077989270JHr_JPEG/movie_image.jpg?type=m203_290_2"
        }
    },
    {
        "pk": 232,
        "model": "movies.Movie",
        "fields": {
            "title": "튜브",
            "en_title": "Tube",
            "genres": [9],
            "open_date": "2003-06-05",
            "director": "백운학",
            "actors": [494, 495, 496],
            "rated": "15세 관람가",
            "summary": "테러범에 의해 접수된 통제불능의 지하철, 이를 멈추려는 한 형사의 질주가 시작된다. 과연 멈출 수 있는 방법은 있을 것인가...  포기를 모르는 무서운 근성의 장형사는 목숨을 바쳐 끝까지 테러의 주범, 강기택을 추적하는데 테러진압과정에서 강기택과 대적하다가 죽음과도 바꿀 수 없는 원한관계가 생긴다. 전직 국가비밀요원으로 활약하다 모략에 의해 축출당한 강기택은 이제 국가를 향해 복수의 총구를 겨눈 냉혈한. 강기택은 복수의 대미로 도심을 가로지르는 지하철을 탈취하려는 계획을 세우고 우연히 이를 눈치챈 지하철 소매치기 인경에게서 이 정보를 입수한 장형사와 멈추지 않는 암흑 속의 폭주가 시작된다. 1300만 서울 시민을 담보로 한 목숨을 건 빅딜. 이를 저지하기 위해 몸을 던지는 장형사, 장형사를 사랑하며 끝까지 함께 하는 인경의 운명. 과연 질주하는 통제불능의 미친 지하철을 멈출 수 있는 방법은 있을 것인가?",
            "imageurl": "https://movie-phinf.pstatic.net/20111223_193/1324584778305fF7fu_JPEG/movie_image.jpg?type=m203_290_2"
        }
    },
    {
        "pk": 233,
        "model": "movies.Movie",
        "fields": {
            "title": "두번째 사랑",
            "en_title": "Never Forever",
            "genres": [5, 1],
            "open_date": "2007-06-21",
            "director": "김진아",
            "actors": [497, 498, 499],
            "rated": "청소년 관람불가",
            "summary": "지하, 힘겨운 노동으로 가득한 하루하루를 한국에 있는 애인을 데려와야 한다는 희망으로 버티는 남자.  불법체류자인 그에겐 불임센터에서 자신의 건강한 정자를 파는 것마저 허락되지 않는다. 불임센터에 다녀온 며칠 후, 한 백인여자가 그의 방문을 두드리고 지하는 그녀로부터 위험하고 아찔한 뜻밖의 제안을 받게 되는데…  소피, 성공한 한국계 미국인 변호사인 남편 앤드류와 행복한 가정을 꾸려가고 있는 여자. 하지만 아이가 없는 소피의 결혼은 흔들리기 시작한 지 오래이다. 임신을 위해 다른 인공수정을 결심한 소피는 불임센터에서 남편을 꼭 닮은 한국인 청년 지하를 만나게 되고, 끌리듯 그를 쫓는다. 며칠 후 그녀는  마침내 은밀한 거래를 제안하는데...  지하 & 소피 한번에 300달러 임신을 하면 3만 달러를 주겠다는 소피의 제안을, 지하는 받아들인다. 아무런 감정도 없는 육체의 접촉이 끝나면 소피는 조용히 값을 치른 후 떠나고, 지하는 그런 그녀를 똑바로 쳐다보기가 어렵다. 그러던 어느 날, 자신의 감정을 억누르기만 했던 소피가 지하 앞에서 슬픔의 울분을 토해내면서 서로의 상처를 보게 되고, 그들은 거래 이상의 감정을 느끼기 시작하지만 섣불리 속내를 밝히지 못한다.  얼마 후, 임신소식을 알리고 머뭇머뭇 뒤돌아서는 소피에게 그저 축하한다는 말 이외에는 하지 못하는 지하. 이들의 사랑은 시작될  수 있을까..?",
            "imageurl": "https://movie-phinf.pstatic.net/20111223_202/1324583459627VgTbB_JPEG/movie_image.jpg?type=m203_290_2"
        }
    },
    {
        "pk": 235,
        "model": "movies.Movie",
        "fields": {
            "title": "천국의 책방 - 연화",
            "en_title": "天國の本屋 戀火: Heaven's Bookstore",
            "genres": [1],
            "open_date": "2006-04-27",
            "director": "시노하라 테츠오",
            "actors": [502, 503, 504],
            "rated": "12세 관람가",
            "summary": "오케스트라에서 쫓겨난 피아니스트 겐타는 피아노를 칠 의미를 잃은 채 술에 취해 정신을 잃고 쓰러진다. 얼마 후 겐타는 낯설지만 왠지 익숙한 곳에서 눈을 뜬다. 겐타는 책방의 주인 야마키에 의해 단기 아르바이트로 천국에 끌려온 것이다. 천국으로 올라온 사람들로부터 의뢰 받은 책을 읽어 주는 것으로, 죽기 전 장래가 촉망 되는 피아니스트였던 쇼코에게 첫 의뢰를 받는다. 쇼코가 건네준 책장 사이에는 ‘영원’의 미완성 악보가 그려져있는데. 한편 지상에서는 쇼코를 꼭 닮은 조카 카나코가 지금은 중단된 마을의 불꽃놀이 축제를 부활시키기로 결심을 한다. 카나코는 불꽃놀이 중 연인들에게 인기가 많은 \"연화\"를 만들었던 타키모토를 찾아가게 되지만, 화약폭발사고로 애인이 청력을 잃은 뒤로 제조일을 그만 둔 상태. 카나코는 타키모토를 설득하려 그의 집을 찾아가는데, 그런 카나코를 본 순간 타키모토는 숨이 멎을 것만 같다. 그 무렵 천국에서는 쇼코가 겐타에게 말을 건네고 있었다. \"피아노를 치지 못하게 된 것은 화약 폭발 사고 때문이에요. 하지만 그에게서 불꽃을 빼앗고 싶지는 않아요.\" 쇼코의 연인이 바로 타키모토였던 것이다. 겐타는 쇼코의 도움을 받아 그녀가 작곡한 미완의 피아노 곡 \"영원\"을 완성시키기로 마음먹는다. 사랑을 이루지 못한 채 천국에 올라간 피아니스트 쇼코, 그녀의 도움을 받아 \"영원\"을 완성해 가는 켄타, 지상에서는 죽은 이모를 그리워하며 마을의 불꽃놀이를 다시 여는 카나코, \"연화\"를 만들어 달라는 부탁에 갈등하는 타키모토,,, 이들은 천국과 지상을 초월하여 각기 자신의 소원을 이루게 될까...?",
            "imageurl": "https://movie-phinf.pstatic.net/20111223_17/1324577561766Mov8Q_JPEG/movie_image.jpg?type=m203_290_2"
        }
    },
    {
        "pk": 236,
        "model": "movies.Movie",
        "fields": {
            "title": "결혼하지 않아도 괜찮을까",
            "en_title": "す一ちゃん まいちゃん さわ子さん, Sue, Mai & Sawa: Righting the Girl Ship",
            "genres": [1],
            "open_date": "2015-04-09",
            "director": "미노리카와 오사무",
            "actors": [223, 505, 506],
            "rated": "12세 관람가",
            "summary": "‘이걸로 괜찮아, 이것도 좋아.’ 이렇게 생각하는 반면  ‘결국, 이렇게 된 건가?’ 라고 생각하는 내가 있다. 연애는 숙맥. 하지만 일에서만큼은 인정받는 카페 매니저 수짱. 지금 하는 일이 좋지만, 이렇게 살아도 되는지 노후가 고민. 동료 매니저를 마음에 담고 있지만 고백도 못 하고 허송세월 중이다. 프리랜서 웹디자이너 사와코상은 치매에 걸린 할머니와 단둘이 남겨질 엄마가 걱정이다. 그러던 어느 날, 우연히 재회한 동창에게 흔들려 결혼을 꿈꾸게 된다. 골드미스 마이짱은 회사의 상하 관계와 은밀한 연애에 지쳐간다. 쿨하게 변화를 택하지만, 이 선택이 과연 옳은 걸까. 세 친구는 행복할 수 있을까?",
            "imageurl": "https://movie-phinf.pstatic.net/20150325_46/1427247175234bvcP3_JPEG/movie_image.jpg?type=m203_290_2"
        }
    },
    {
        "pk": 237,
        "model": "movies.Movie",
        "fields": {
            "title": "로미오와 줄리엣",
            "en_title": "Romeo + Juliet",
            "genres": [1, 5],
            "open_date": "1996-12-28",
            "director": "바즈 루어만",
            "actors": [377, 507],
            "rated": "15세 관람가",
            "summary": "정열의 도시 베로나, 태양의 열기가 가득한 이 도시에서 두 가문 몬태규가와 캐플릿가는 끝없이 혈투를 벌인다. 어느 날 캐플릿가의 파티에 몰래 참석한 몬태규가의 로미오는, 아름다운 줄리엣을 만나 첫눈에 사랑에 빠진다. 로미오와 줄리엣은 부모 몰래 결혼식을 올리고, 이 결혼이 두 가문의 화해를 가져다 줄 거라 믿은 신부는 그들을 축복한다. 그러나 싸움에 휘말려 줄리엣의 사촌 티볼트를 죽이게 된 로미오가 베로나에서 추방당하게 되고, 줄리엣은 그녀를 좋은 가문에 강제로 결혼시키려는 부모를 피해 수면제를 먹고 죽은 것처럼 가장하는데..",
            "imageurl": "https://movie-phinf.pstatic.net/20140305_106/1394003885117F50cH_JPEG/movie_image.jpg?type=m203_290_2"
        }
    },
    {
        "pk": 238,
        "model": "movies.Movie",
        "fields": {
            "title": "몬스터 vs 에이리언",
            "en_title": "Monsters Vs Aliens",
            "genres": [10, 6, 15],
            "open_date": "2009-04-23",
            "director": "롭 레터맨",
            "actors": [508, 509, 510],
            "rated": "PG",
            "summary": "자신의 결혼식 날 어디선가 날아온 운석에 맞고 거대한 몸집으로 커져버린 수잔 머피(리즈 위더스푼). 새롭게 등장한 이 거대한 몬스터에 대처하기 위한 정부의 발 빠른 대처로 수잔은 ‘거대렐라’라는 새로운 몬스터 네임이 붙은 채 다른 몬스터들과 함께 국가 비밀수용소에 갇히게 된다. 천재적인 두뇌를 믿고 시도한 무리한 실험으로 곤충머리를 갖게 된 ‘닥터 로치 박사’, 2만년 전 모습에서 아직 덜 진화된 물고기인간 ‘미씽링크’, 잘못된 소스투입으로 토마토에서 자유자재 형태변형 불멸의 젤리 몬스터로 거듭난 ‘밥’, 그리고 키 100미터가 넘는 초대형 외형을 가진 아기 몬스터 ‘인섹토사우르스’. 절대 외부로 나갈 일 없을 것 같았던 그들의 감금생활은 정체불명의 외계 로봇이 지구를 공격하면서 끝이 난다. 대통령과 지구방위대 워 딜러 장군이 아주 짧은 고민 끝에 내린 결정으로 외계 로봇의 공격에서 세계평화를 지켜낼 영웅군단으로 이들 몬스터를 급파하는데…",
            "imageurl": "https://movie-phinf.pstatic.net/20111222_264/1324562532689fmdKj_JPEG/movie_image.jpg?type=m203_290_2"
        }
    },
    {
        "pk": 239,
        "model": "movies.Movie",
        "fields": {
            "title": "오리엔트 특급 살인",
            "en_title": "Murder on the Orient Express",
            "genres": [1, 13, 16],
            "open_date": "2017-11-29",
            "director": "케네스 브래너",
            "actors": [511, 512, 385],
            "rated": "12세 관람가",
            "summary": "세계적 명탐정 ‘에르큘 포와로’(케네스 브래너)는 사건 의뢰를 받고 이스탄불에서 런던으로 향하는 초호화 열차인 오리엔트 특급열차에 탑승한다. 폭설로 열차가 멈춰선 밤, 승객 한 명이 잔인하게 살해당하는 사건이 발생하게 된다. 기차 안에서 벌어진 밀실 살인, 완벽한 알리바이를 가진 13명의 용의자. 포와로는 현장에 남겨진 단서와 용의자들의 증언을 토대로 미궁에 빠진 사건 속 진실을 찾기 위한 추리를 시작하게 되는데…",
            "imageurl": "https://movie-phinf.pstatic.net/20171120_242/15111404926409w9n3_JPEG/movie_image.jpg?type=m203_290_2"
        }
    },
    {
        "pk": 240,
        "model": "movies.Movie",
        "fields": {
            "title": "사랑의 레시피",
            "en_title": "No Reservations",
            "genres": [5, 11, 1],
            "open_date": "2007-08-30",
            "director": "스콧 힉스",
            "actors": [513, 514, 153],
            "rated": "전체 관람가",
            "summary": "자신의 삶과 자신의 일터인 주방을 성공을 위한 자신만의 레시피로 가꿔가는 뉴욕 맨하탄 고급레스토랑의 주방장 ‘케이트’(캐서린 제타 존스). 그러나 삶도 요리도 즐거움을 추구하는 부주방장 ‘닉’(아론 애크하트)과 언니의 갑작스러운 사고로 함께 살게 된 조카 ‘조이’(아비게일 브레슬린)의 등장으로 모든 것이 흔들린다. 최고의 주방장이 되는 것이 곧 인생의 성공이라 믿은 굳건한 신념과 가치에 대한 회의가 밀려오고, 이제 그녀는 레시피 없이 세상에서 가장 맛있는 요리를 만드는 법을 배워가는데…",
            "imageurl": "https://movie-phinf.pstatic.net/20111222_66/13245261724603itV1_JPEG/movie_image.jpg?type=m203_290_2"
        }
    },
    {
        "pk": 241,
        "model": "movies.Movie",
        "fields": {
            "title": "셜록홈즈 : 그림자 게임",
            "en_title": "Sherlock Holmes: A Game of Shadows",
            "genres": [9, 6],
            "open_date": "2011-12-21",
            "director": "가이 리치",
            "actors": [21, 122],
            "rated": "15세 관람가",
            "summary": "더욱 강렬하게, 더욱 스릴 있게 세상을 구할 홈즈의 추리가 다시 시작된다! 왓슨과 더 많은 시간을 보내기 위해 왓슨의 부인과 경쟁하는 홈즈 앞에 또 한 번 세상에서 가장 명석한 두뇌를 증명할 과제가 주어진다! 셜록 홈즈는 유럽에서 발생하는 연쇄 폭탄 테러사건, 강대국들의 전쟁 위기고조, 미국 철강 왕의 죽음 등 전세계에서 벌어지는 풀리지 않는 사건들이 모두 연결되어 있고 그 배후에 평생의 숙적 모리아티 교수(자레드 해리스)의 더 큰 음모가 숨겨져 있음을 직감한다. 조사 과정에서 만나게 된 집시이자 점술가인 묘령의 프랑스 여인 심(노미 파라스)을 통해 살인사건에 대해 정보를 얻지만 이를 계기로 여인은 킬러의 다음 목표물이 된다. 이에 홈즈는 그녀의 목숨을 구하기 위해, 그녀는 죽음을 피하기 위해 홈즈에게 협조하고 대륙을 넘나드는 험난한 모험 앞에서 교활한 모리아티 교수는 항상 한 발 먼저 죽음의 덫을 놓고 기다린다.  모리아티 교수의 계획이 성공하게 되면 역사가 뒤바뀔 정도로 세상은 위험해진다.  거대한 음모에 맞선 홈즈의 활약이 다시 펼쳐진다!",
            "imageurl": "https://movie-phinf.pstatic.net/20111224_228/1324657680054OtqrY_JPEG/movie_image.jpg?type=m203_290_2"
        }
    },
    {
        "pk": 242,
        "model": "movies.Movie",
        "fields": {
            "title": "미스 페티그루의 어느 특별한 하루",
            "en_title": "Miss Pettigrew Lives For A Day",
            "genres": [11, 5],
            "open_date": "2008-10-02",
            "director": "바랫 낼러리",
            "actors": [515, 183],
            "rated": "12세 관람가",
            "summary": "번번이 직장을 잃고 제대로 하는 일 없이 하루 하루를 보내고 있는 미스 페티그루 (프란시스 맥도맨드)는 우연한 기회에 꿈 많은 클럽 가수이자 바람둥이 연기 지망생 라포스 (에이미 아담스)의 남자 문제를 해결하면서 그녀의 매니저로 화려한 런던 상위 1%의 사교계에 입문하게 된다. 매력 만점 세 명의 남자와 동시에 연애를 하고 있는 사교계의 유명 인사 라포스는 돈 많은 뮤지컬 극단주의 아들인 연하 꽃미남 필 (톰 페인), 부와 명예를 지닌 카리스마의 클럽 주인 닉 (마크 스트롱), 가난하지만 그녀만을 위해 연주하는 로맨틱한 피아니스트 마이크 (리 페이스) 사이에서 누구도 선택하지 못하고 고민하는데…  불과 몇 분도 안돼 빈민구호소에서 화려한 사교계의 중심에 서게 된 페티그루는 과연 그녀에게 주어진 특별한 하루 동안 로맨틱한 도시 런던에서 라포스에게 사랑과 성공을 안겨주고 사교계의 최고 스타로 거듭날 수 있을 것인가?",
            "imageurl": "https://movie-phinf.pstatic.net/20111222_161/1324523986442IPqAa_JPEG/movie_image.jpg?type=m203_290_2"
        }
    },
    {
        "pk": 243,
        "model": "movies.Movie",
        "fields": {
            "title": "패스워드",
            "en_title": "AntiTrust",
            "genres": [10, 7],
            "open_date": "2001-04-21",
            "director": "피터 호윗",
            "actors": [516, 517, 518],
            "rated": "12세 관람가",
            "summary": "스탠포드 대학의 졸업생이자 컴퓨터 업계의 촉망 받는 젊은 희망 마일로(라이언 필립 분)그는 제 2의 빌 게이츠를 꿈꾸며 친구들과 함께 자신의 집 주차장을 개조하여 벤처 회사를 설립 의욕적인 사업을 시작한다. 그때 컴퓨터 업계의 실력자이며 백만장자인 게리 윈스턴(팀 로빈스 분)으로 부터 자신의 디지털 컨버전스 회사에 입사 제의를 받는다. 마일로는 윈스턴이 제공하는 돈과 기회가 자신의 일생에 있어 중요한 기회라고 생각 친구들에게 회사를 부탁하고 윈스턴의 제안을 받아 들인다. 그리고 여자친구 앨리스(클레어 폴라니 분)와의 사랑도 이룰 것이라는 희망에 부풀어 있다.  마일로는 윈스턴의 회사 시설들과 그가 운영하는 기술력에 놀라워하며 빠르게 상황에 적응해 간다. 거기에 재능 있고 아름다운 직장 동료 리사(레이첼 리 쿡 분)와 일하면서 묘한 마음에 사로잡히기도 한다. 마일로는 윈스턴의 적극적인 추진력에 매료되지만, 한편 그의 강한 독점욕과 야심에 의심을 하기도 한다.  그러던 중, 마일로의 친한 친구이자 벤처 회사에 같이 참여했던 친구 테디가 살해되는 사건이 발생하자 마일로는 큰 슬픔에 잠긴다. 우연히 테디의 방을 방문하게 된 마일로는  테디의 방에서 테디의 죽음과 관련된 어머어마한 비밀을 발견하게 되면서 생명의 위협까지 받게 되는 극한 상황으로 사건은 치닫게 되는데.",
            "imageurl": "https://movie-phinf.pstatic.net/20111222_98/1324489359076Kd63A_JPEG/movie_image.jpg?type=m203_290_2"
        }
    },
    {
        "pk": 244,
        "model": "movies.Movie",
        "fields": {
            "title": "브라보 마이 라이프",
            "en_title": "Bravo My Life",
            "genres": [11, 1],
            "open_date": "2007-09-06",
            "director": "박영훈",
            "actors": [182, 519, 520],
            "rated": "12세 관람가",
            "summary": "샌님부장 조민혁. 30년을 하루같이 성실하게 일해온 그는 이제 퇴임을 30일 남겨두고 있다. 주변머리 없어 승진이라고는 모르고, 기어오르는 후배직원들에게 어, 어 하다가 밀려나고, 오로지 처자식 먹여 살려야 한다는 일념하에 버텨온 그에게 한가지 이루지 못한 꿈이 있었으니 바로, 드러머의 꿈!  그런데, 자기보다 두 달 늦게 퇴임하는 김부장에게는 색소폰 실력이, 매일 아침 인사하던 경비 최석원에게는 놀라운 기타실력이 숨어있음을 알게 된다. 게다가 허구헌 날 뺀질거리기나 하던, 심하게 낙천적인 단짝후배 박과장에게는 보컬의 피가 흐르고 있었으니… 얼레벌레 궁합이 맞아버린 이들은 남들 몰래 유쾌한 반란을 꿈꾸게 되는데…",
            "imageurl": "https://movie-phinf.pstatic.net/20111223_52/1324588403902vb5hu_JPEG/movie_image.jpg?type=m203_290_2"
        }
    },
    {
        "pk": 245,
        "model": "movies.Movie",
        "fields": {
            "title": "아이스 에이지 2",
            "en_title": "Ice Age: The Meltdown",
            "genres": [15, 11, 12, 6],
            "open_date": "2006-04-20",
            "director": "카를로스 살다나",
            "actors": [308, 309, 310],
            "rated": "전체 관람가",
            "summary": "평화롭던 빙하기가 지구 온난화 현상으로 해빙기에 접어든다. 동물들의 유아 캠프를 운영하는 맘모스 매니와 나무늘보 시드, 호랑이 디에고 일행은 왕뻥토니로부터 곧 대홍수가 올 것이라는 경고를 듣지만 모두들 \"뻥치시네~\"를 외치며 토니의 말을 믿지 않는다. 그러던 중 진짜 빙하가 녹는 현장을 직접 눈으로 목격한 매니, 시드, 디에고는 다급하게 동료들을 모아 안전한 고지대를 찾아 대규모 이주를 시작한다. 하지만 매니에겐 대홍수의 위기보다 더 큰 위기가 닥친다. 바로 자신을 제외한 모든 맘모스가 멸종되어 버렸다는 기절초풍할 소식을 듣게 되는 것이다.  더 이상 가족을 만들 수 없다는 절망에 빠진 매니. 그러나 그의 눈앞에 맘모스 엘리가 나타난다. 나는 남자~ 너는 여자~! 이제 종족의 번영은 우리 하기 나름~~!!! 이라는 기쁨도 잠시, 매니와 시드, 디에고는 곧 혼란에 빠져버린다. 섹시하고 풍성한 엉덩이를 가진 맘모스 엘리는 자신이 주머니쥐라고 믿고 있는 것이다. 그것도 진짜 주머니쥐 악동 형제 크래쉬와 에디의 여동생으로서. 어이~ 아가씨, 농담이 지나쳐! 그러나 매니는 멸종위기의 맘모스를 구해야 한다는 사명감(그 외의 이유는 묻지 말아주세요)과 이를 부추기는 시드, 디에고의 응원에 힘입어 엘리에게 작업을 걸어보지만 오히려 엘리의 반감만 사게 되는데...",
            "imageurl": "https://movie-phinf.pstatic.net/20111222_113/13245485226947zbB7_JPEG/movie_image.jpg?type=m203_290_2"
        }
    },
    {
        "pk": 246,
        "model": "movies.Movie",
        "fields": {
            "title": "인사동 스캔들",
            "en_title": "Insadong Scandal",
            "genres": [16, 9, 1],
            "open_date": "2009-04-29",
            "director": "박희곤",
            "actors": [521, 438],
            "rated": "15세 관람가",
            "summary": "400년전 사라졌던 한 그림의 복원 프로젝트가 전국민의 관심 속에 세상에 공개된다. 복원에 성공한다면 한국 최고가로 경매될 것이 틀림없을 안견의 '벽안도'. 그 그림을 손에 넣은 미술계의 큰 손 갤러리 '비문'의 배태진(엄정화) 회장은 신의 손을 가졌다는 복원 전문가 이강준(김래원)을 스카우트하고 400억짜리 벽안도 살리기 작업에 나선다. 그러나 귀신 같은 손놀림으로 무엇이든 베껴내는 이강준과 원하는 그림이면 사기든, 살인이든 어떤 방법을 동원해서라도 자신의 손에 넣고 마는 배태진의 마음속에는 서로 다른 속셈이 존재하는데... 프로젝트의 끝. 복원의 마지막 붓질에는 무엇이 기다리고 있는 것일까?  벽안도의 온전한 모습이 드러날수록 슬슬 속내를 비치기 시작하는, 대한민국 미술계의 숨은 고수들이 등장한다. 미술계의 마당발이자 인사동의 살아있는 족보 권마담(임하룡), 국내 최고 물량을 자랑하는 위작 공장 호진사 사장(고창석), 한때 미술 복제시대를 풍미했던 국보급 복제 기술자 박가(손병호), 미술계의 실권을 잡고 있는 국회의원을 비롯 일본 거대 미술 컬렉션 그리고 돈냄새를 맡고 찾아온 의문의 패거리 상복(마동석), 근복(오정세), 공수정(최송현)까지! 또한 그들을 추적하는 서울시경 문화재 전담반 강형사(김병옥)와 최하경 형사(홍수현))의 끝을 알 수 없는 그림 전쟁 한판! 속이려는 자와 속는 자, 믿는 자와 배신하는 자, 지키려는 자와 가지려는 자! 본 것을 믿지 마라. 당신이 본 모든 것은 어쩌면 가짜일 수도 있다. 벽안도를 둘러싼 통쾌한 사기극의 한 판 끝은 어디인가?",
            "imageurl": "https://movie-phinf.pstatic.net/20111223_119/1324572033280cHnKk_JPEG/movie_image.jpg?type=m203_290_2"
        }
    },
    {
        "pk": 247,
        "model": "movies.Movie",
        "fields": {
            "title": "해어화",
            "en_title": "解語花, LOVE, LIES",
            "genres": [1],
            "open_date": "2016-04-13",
            "director": "박흥식",
            "actors": [522, 421, 523],
            "rated": "15세 관람가",
            "summary": "1943년 비운의 시대 미치도록 부르고 싶던 노래, 그 노래가 내 것이어야 했다마지막 남은 경성 제일의 기생 학교 ‘대성권번’  빼어난 미모와 탁월한 창법으로 최고의 예인으로 불리는 소율(한효주)과 심금을 울리는 목소리를 가진 연희(천우희)는 선생 산월(장영남)의 총애와 동기들의 부러움을 받는 둘도 없는 친구.  당대 최고의 작곡가인 윤우(유연석)는 민중의 마음을 어루만지는 ‘조선의 마음’이라는 노래를 작곡하려 하고 윤우의 노래를 부르고 싶은 소율은 예인이 아닌 가수를 꿈꾸게 된다. 하지만 윤우는 우연히 듣게 된 연희의 목소리에 점차 빠져들고 소율과 연희는 노래 ‘조선의 마음’을 차지하기 위해 서로 엇갈린 선택을 하게 되는데…  마지막 기생의 숨겨진 이야기, 해어화(解語花)",
            "imageurl": "https://movie-phinf.pstatic.net/20160315_83/1458005336985N5WEE_JPEG/movie_image.jpg?type=m203_290_2"
        }
    },
    {
        "pk": 248,
        "model": "movies.Movie",
        "fields": {
            "title": "고고70",
            "en_title": "Go Go 70's",
            "genres": [1],
            "open_date": "2008-10-03",
            "director": "최호",
            "actors": [66, 263, 524],
            "rated": "15세 관람가",
            "summary": "대구 왜관의 기지촌 클럽, 어울리지도 않는 카우보이 모자를 쓰고 내키지 않는 컨츄리 음악을 연주하며 하루하루를 보내고 있는 상규(조승우)는 오랜만에 자신의 귀를 의심할 만큼 강렬한 기타 사운드와 마주하게 된다. 그 기타의 주인공은 일명 까만 음악, ‘소울’ 음악에 꽂혀있는 기지촌 토박이 만식(차승우). 두 사람은 의기투합하여 6인조 밴드 ‘데블스’를 결성 한다.  상규의 울듯이 쏟아내는 소울 크라잉 창법과 만식이 연주하는 징글징글한 비트의 기타 사운드의 절묘한 조화, 그리고 열정 넘치는 스탭으로 기지촌 무대를 누비는 ‘데블스’. 더 큰 무대를 꿈꾸던 상규는 입영통지서를 뒤로하고 ‘데블스’와, 자신을 동경하는 가수 지망생 미미(신민아)를 이끌고 무작정 상경한다. 서울에서의 첫 무대는 ‘플레이보이컵배 그룹사운드 경연대회’. ‘데블스’는 그들만의 특별한 무대매너로 당시 음악계를 주름잡던 팝 칼럼니스트 이병욱(이성민)의 눈에 띄게 된다.  상경한지 한 달째, 시민회관 화재사건과 퇴폐풍조 강력 단속으로 그들이 설 무대를 찾기란 쉽지 않다. 그룹사운드 경연대회 수상 상품으로 받은 밀가루 한 포대로 서울생활을 버티던 ‘데블스’는, 통행금지를 피해 대한민국 최초의 고고클럽 ‘닐바나’를 오픈한 이병욱에 의해 전격 스카우트되어 드디어 무대에 서게된다. 머지않아 ‘데블스’는 에너지 넘치는 소울과 개성있는 퍼포먼스로 ‘대한민국 최초의 소울 밴드’라 불리며 폭발적인 인기를 얻게 되고, 미미 역시 ‘미미와 와일드걸즈’를 결성, 고고댄스와 고고패션으로 유행을 선도하며 트랜드 리더로서 금지된 밤 문화의 중심에 선다. 통행금지에도 불구하고 그들의 흥겨운 음악에 맞춰 몸을 흔들어 대는 젊은이들로 고고클럽은 매일 밤 뜨겁게 달구어지는데……  그러나 어김없이 사이렌이 울리는 대한민국의 자정, 그들의 뜨거운 쇼는 계속될 수 있을까?  {닐바나는 1979년 폐관했다. 데블스는 12년간 4장의 앨범을 발표하고 1980년 해체했다. 한국 로큰롤의 1세대와 그 시절의 청춘남녀를 기억하며.}",
            "imageurl": "https://movie-phinf.pstatic.net/20111222_160/1324557695072HHipU_JPEG/movie_image.jpg?type=m203_290_2"
        }
    },
    {
        "pk": 249,
        "model": "movies.Movie",
        "fields": {
            "title": "헬보이 2: 골든 아미",
            "en_title": "Hellboy 2: The Golden Army",
            "genres": [10, 9, 6, 11, 1, 2],
            "open_date": "2008-09-25",
            "director": "길예르모 델 토로",
            "actors": [525, 526, 527],
            "rated": "12세 관람가",
            "summary": "인간과 요괴 사이에서 존재하던 고대의 휴전 협정이 수 천년이 지난 후, 세상을 지배하려는 요괴 세상의 누아다 왕자에 의해 깨어진다. 누아다 왕자는 세상을 장악하기 위해 파괴를 목적으로 한 기이한 창조물들을 찾고, 수 천년간 잠들어있던 최강의 군단 ‘골든 아미(Golden Army)’ 를 깨운다. 이에 '헬보이'는 불을 다스리는 여자 친구 ‘리즈’, 사람의 마음을 읽는 ‘에이브’ 등, 각기 다른 능력을 가진 BPRD 요원들과 함께 누아다 왕자와 골든 아미를 막기 위한 최강의 대결을 시작한다!",
            "imageurl": "https://movie-phinf.pstatic.net/20111222_198/1324516302799yiG2A_JPEG/movie_image.jpg?type=m203_290_2"
        }
    },
    {
        "pk": 250,
        "model": "movies.Movie",
        "fields": {
            "title": "아마데우스",
            "en_title": "Amadeus",
            "genres": [1],
            "open_date": "1985-11-23",
            "director": "밀로스 포만",
            "actors": [528, 529, 530],
            "rated": "12세 관람가",
            "summary": "천재를 시기한 평범한 궁정음악가의 질투에서 시작된 광기에 찬 파멸의 서곡!  비엔나 왕실의 궁정음악가 살리에리(F.머레이 아브라함)는 새롭게 떠오르는 천재 작곡가 모짜르트(톰 헐스)의 소문을 듣고 그의 천재성을 확인하려 한다. 하지만, 방탕하고 오만한 모짜르트의 행동과 모습들에 상처와 충격을 받은 살리에리는 모짜르트의 천재성을 시기하게 되고 자신에게 재능을 주지 않은 신에게 분노하며 자유분방한 모짜르트를 파멸시킬 음모를 준비하는데…",
            "imageurl": "https://movie-phinf.pstatic.net/20150915_185/1442285641128msR7J_JPEG/movie_image.jpg?type=m203_290_2"
        }
    }
]