[
    {
        "pk": 496,
        "model": "movies.Movie",
        "fields": {
            "title": "리미트리스",
            "en_title": "Limitless",
            "genres": [13, 7, 9],
            "open_date": "2012-07-12",
            "director": "닐 버거",
            "actors": [264, 896, 920],
            "rated": "15세 관람가",
            "summary": "에디 모라(브래들리 쿠퍼)는 마감 날짜가 다가오지만 한 글자도 쓰지 못한 무능력한 작가로 애인 린디(애비 코니쉬)에게도 버림 받으며 찌질한 하루하루를 보낸다. 우연히 만난 전처의 동생이 준 신약 NZT 한 알을 복용한 그는 순간 뇌의 기능이 100% 가동, 그의 인생은 하루 아침에 바뀌어 버린다. 이제 그의 모든 신경은 잠에서 깨어 활동하기 시작한다. 보고 들은 것은 모두 기억하고 하루에 한 개의 외국어를 습득하며 아무리 복잡한 수학공식이라도 순식간에 풀어버린다. 또한 레슨 하루면 피아노 연주도 수준급이고 소설책 한 권도 후딱 써버리며 무한 체력을 갖게 되고 게다가 사람들의 마음을 사로잡는 것 역시 너무 간단해져 버린 그는 검증되지 않은 이 약을 계속 먹으며 능력을 지속해 가고 곧 주식 투자로 수백만 달러를 벌어들인다.  그의 활약을 지켜보던 거물 칼 밴 룬(로버트 드니로)은 역사상 가장 큰 기업합병을 도와달라고 제의하지만 남아있는 신약을 얻기 위한 사람들이 나타나면서 에디는 위험에 처하게 되고 신약의 치명적인 부작용도 서서히 나타나기 시작한다.  이제 에디는 얼마 남지 않은 약이 다 떨어지기 전에 베일에 싸인 스토커와 적들을 물리쳐야 하는데..",
            "imageurl": "https://movie-phinf.pstatic.net/20120531_223/1338457634056UCgkV_JPEG/movie_image.jpg?type=m203_290_2"
        }
    },
    {
        "pk": 497,
        "model": "movies.Movie",
        "fields": {
            "title": "해피 데스데이",
            "en_title": "Happy Death Day",
            "genres": [13, 4, 7],
            "open_date": "2017-11-08",
            "director": "크리스토퍼 랜던",
            "actors": [921, 922],
            "rated": "15세 관람가",
            "summary": "생일날 반복되는 죽음이라는 특별한 선물을 받은 여대생의 끝나지 않는 파티",
            "imageurl": "https://movie-phinf.pstatic.net/20171030_113/15093310622251GtNg_JPEG/movie_image.jpg?type=m203_290_2"
        }
    },
    {
        "pk": 498,
        "model": "movies.Movie",
        "fields": {
            "title": "마녀",
            "en_title": "The Witch : Part 1. The Subversion",
            "genres": [13, 9],
            "open_date": "2018-06-27",
            "director": "박훈정",
            "actors": [923, 924, 405],
            "rated": "15세 관람가",
            "summary": "10년 전 의문의 사고가 일어난 시설에서 홀로 탈출한 후 모든 기억을 잃은 ‘자윤’.  나이도, 이름도 모르는 자신을 거두고 키워준 노부부의 보살핌으로  씩씩하고 밝은 여고생으로 자라났다.   어려운 집안사정을 돕기 위해 상금이 걸린 오디션 프로그램에 출연한 자윤, 방송이 나간 직후부터 의문의 인물들이 그녀 앞에 나타난다.  자윤의 주변을 맴돌며 날카롭게 지켜보는 남자 ‘귀공자’,  그리고 과거 사고가 일어난 시점부터 사라진 아이를 찾던 ‘닥터 백’과 ‘미스터 최’까지  자신은 전혀 기억하지 못하는 그들의 등장으로,  자윤은 혼란에 휩싸이게 되는데...!  그들이 나타난 후 모든 것이 바뀌었다",
            "imageurl": "https://movie-phinf.pstatic.net/20180710_211/1531198746645nsdKN_JPEG/movie_image.jpg?type=m203_290_2"
        }
    },
    {
        "pk": 499,
        "model": "movies.Movie",
        "fields": {
            "title": "천사와 악마",
            "en_title": "Angels & Demons",
            "genres": [13, 7, 16, 9],
            "open_date": "2009-05-14",
            "director": "론 하워드",
            "actors": [31],
            "rated": "15세 관람가",
            "summary": "세계 최대의 과학연구소 ‘CERN’(유럽 원자핵 공동 연구소)에서 우주 탄생을 재현하는 빅뱅 실험이 진행된다. 물리학자 비토리아(아예렛 주어)와 동료 실바노는 빅뱅 실험을 통해 강력한 에너지원인 반물질 개발에 성공하지만 실바노가 살해당하고 반물질이 사라지는 사건이 발생한다.  한편, 하버드대 종교기호학 교수 로버트 랭던(톰 행크스)은 교황청으로부터 의문의 사건과 관련된 암호 해독을 의뢰받는다. 새로운 교황을 선출하는 고대의식인 ‘콘클라베’가 집행되기 전, 가장 유력한 4명의 교황 후보가 납치되고 교황청에 일루미나티의 상징인 앰비그램이 나타난 것. 일루미나티는 ‘지구가 돈다’고 주장해 종교 재판을 받았던 갈릴레오, 코페르니쿠스 등 18세기 과학의 위상을 높이고자 했던 과학자들이 모여 결성했으나 카톨릭 교회의 탄압에 의해 사라진 비밀결사대. 500년만에 부활한 일루미나티는 4명의 교황 후보를 한 시간에 한 명씩 살해하고 마지막에는 CERN에서 탈취한 반물질로 바티칸을 폭파시킬 것이라며 카톨릭 교회를 위협한다.  사건을 해결하기 위해 로마 바티칸에 도착한 로버트 랭던과 비토리아는 곳곳에 숨겨져 있는 일루미나티의 단서를 파헤치며 그들의 근거지로 향하는 ‘계몽의 길’ 추적에 나서는데…",
            "imageurl": "https://movie-phinf.pstatic.net/20111223_68/1324579015014Jdqzf_JPEG/movie_image.jpg?type=m203_290_2"
        }
    },
    {
        "pk": 500,
        "model": "movies.Movie",
        "fields": {
            "title": "기억의 밤",
            "en_title": "Forgotten",
            "genres": [13, 7],
            "open_date": "2017-11-29",
            "director": "장항준",
            "actors": [74, 155],
            "rated": "15세 관람가",
            "summary": "새 집으로 이사 온 날 밤  정체불명의 괴한들에게 납치된 형 유석.  동생 진석은 형이 납치된 후 매일 밤 환청과 환각에 시달리며 불안해한다.  납치된지 19일째 되는 날 돌아온 유석은  그동안의 모든 기억을 잃었다고 말한다.  하지만 돌아온 뒤로 어딘가 변해버린 유석을 의심하던 진석은  매일 밤 사라지는 형을 쫓던 중 충격적인 사실과 마주하게 되는데...   두 남자의 엇갈린 기억 속 감춰진 살인사건의 진실을 찾아야만 한다!",
            "imageurl": "https://movie-phinf.pstatic.net/20171129_172/1511930306592dumMz_JPEG/movie_image.jpg?type=m203_290_2"
        }
    },
    {
        "pk": 501,
        "model": "movies.Movie",
        "fields": {
            "title": "웃는 남자",
            "en_title": "L'homme qui rit, The Man Who Laughs",
            "genres": [13, 2],
            "open_date": "2013-03-28",
            "director": "장 피에르 아메리스",
            "actors": [925, 926, 927],
            "rated": "15세 관람가",
            "summary": "17세기 유럽의 어딘가, 눈보라를 헤치고 우르수스(제라르 드 빠르디유)가 살고 있는 집을 두 고아가 찾아온다. 유랑극단 공연자인 우르수스는 기이하게 찢어진 그윈플렌(마크-앙드레 그롱당)의 입을 보고 깜짝 놀라지만, 두 아이를 불쌍히 여겨 그윈플렌과 눈이 먼 데아(크리스타 테레)를 자신의 아이들로 받아들인다. 훗날 그윈플렌은 자신의 찢어진 입을 무기로 최고의 광대로 성장하게 된다.   타고난 연기력과 기괴하게 찢어진 입으로 유럽 전역에서 유명해진 그윈플렌의 공연은 대성황을 이루지만 그 소식을 듣고 어린 시절 자신의 입을 찢어놓은 누군가가 공연장을 찾아오기 시작하고 세상은 그윈플렌의 인생을 바꿀 거대한 준비를 시작하는데…",
            "imageurl": "https://movie-phinf.pstatic.net/20130304_92/1362366236543gI93L_JPEG/movie_image.jpg?type=m203_290_2"
        }
    },
    {
        "pk": 502,
        "model": "movies.Movie",
        "fields": {
            "title": "화차",
            "en_title": "火車, Helpless",
            "genres": [13],
            "open_date": "2012-03-08",
            "director": "변영주",
            "actors": [117, 928, 929],
            "rated": "15세 관람가",
            "summary": "결혼 한 달 전, 부모님 댁에 내려가던 중 휴게소에 들른 문호와 선영. 커피를 사러 갔다 온 문호를 기다리고 있는 건 문이 열린 채 공회전 중인 차 뿐이다. 꺼져있는 휴대폰, 흔적도 없이 그녀가 사라졌다. 그녀를 찾기 위해 전직 강력계 형사인 사촌 형 종근에게 도움을 청한 문호. 하지만 가족도 친구도 없는 그녀의 모든 것은 가짜다. 실종 당일, 은행잔고를 모두 인출하고 살던 집의 지문까지 지워버린 선영의 범상치 않은 행적에 단순 실종사건이 아님을 직감하는 종근은 그녀가 살인사건과 연관되어 있음을 알아낸다. 그녀는 과연 누구였을까? 그녀의 정체에 다가갈수록 점점 더 충격적인 진실들이 밝혀지기 시작 하는데…",
            "imageurl": "https://movie-phinf.pstatic.net/20120220_121/13297199672554wCnW_JPEG/movie_image.jpg?type=m203_290_2"
        }
    },
    {
        "pk": 503,
        "model": "movies.Movie",
        "fields": {
            "title": "백야행 - 하얀 어둠 속을 걷다",
            "en_title": "Into The White Night",
            "genres": [13, 5, 7, 16, 1],
            "open_date": "2009-11-19",
            "director": "박신우",
            "actors": [440, 65, 321],
            "rated": "청소년 관람불가",
            "summary": "출소한 지 얼마 안된 한 남자가 잔인하게 살해당한다. 이 사건이 14년 전 발생한 한 살인사건과 연관되어 있음을 안 수사팀은 담당형사였던 동수(한석규 분)를 찾아가고, 그는 본능적으로 당시 피해자의 아들이었던 요한(고수 분)이 연루되어 있음을 직감한다. 한편, 재벌총수 승조의 비서실장 시영(이민정 분)은 승조를 위해 그의 약혼녀 미호(손예진 분)의 뒤를 쫓는다. 모든 면에서 완벽한 미호. 하지만 비현실적일 만큼 완벽했던 미호에게 석연치 않은 과거의 흔적이 발견되면서, 그녀 곁에 그림자처럼 맴돌고 있는 존재를 발견하게 된다. 서로 다른 대상을 쫓다 한 자리에서 만나게 된 시영과 동수. 그들은 요한과 미호의 과거에 관한 충격적인 사실을 알게 된다. 14년 전 발생했던 사건의 살인용의자가 미호의 엄마, 피살자가 요한의 아빠였으며, 새로운 삶을 살고 있는 미호와 달리 요한은 여전히 어둠 속에 갇혀 살고 있다는 것이다. 마치 빛과 그림자처럼…… 14년 전, 그리고 현재까지 계속되는 미스터리한 살인사건들. 과연, 진실은 무엇일까?",
            "imageurl": "https://movie-phinf.pstatic.net/20111223_189/1324596150406PSKmW_JPEG/movie_image.jpg?type=m203_290_2"
        }
    },
    {
        "pk": 504,
        "model": "movies.Movie",
        "fields": {
            "title": "줄리아의 눈",
            "en_title": "Los ojos de Julia, Julia's Eyes",
            "genres": [13, 7, 16, 4],
            "open_date": "2011-03-31",
            "director": "기옘 모랄레스",
            "actors": [487, 930, 931],
            "rated": "청소년 관람불가",
            "summary": "선천적 시력장애로 고통 받고 있는 줄리아는 같은 증세로 이미 시력을 상실한 쌍둥이 언니 사라의 죽음에 큰 충격을 받는다. 언니의 자살에 의문을 품은 그녀는 남편의 만류에도 불구하고 주변을 조사하기 시작한다. 기묘한 분위기의 수상한 이웃들과 정체를 알 수 없는 사라의 남자친구, 무언가 감추고 있는 듯한 남편의 이상한 행동들… 파헤칠 수록 의혹은 더욱 커져만 가고, 그러던 중 남편의 실종으로 더욱 큰 불안감에 휩싸이게 된 줄리아. 그녀의 시력은 점점 악화되기 시작하는데….",
            "imageurl": "https://movie-phinf.pstatic.net/20111223_127/1324633122000XXNwl_JPEG/movie_image.jpg?type=m203_290_2"
        }
    }
]