[
{
    "model": "accounts.user",
    "pk": 1,
    "fields": {
        "password": "pbkdf2_sha256$120000$6kfz335HB3Yr$5od+ynVKAHImffBRn3ETqjFh4Lv+cDL+Dxg/P+N7UUA=",
        "last_login": "2019-05-16T07:26:05.537Z",
        "is_superuser": true,
        "username": "admin",
        "first_name": "",
        "last_name": "",
        "email": "",
        "is_staff": true,
        "is_active": true,
        "date_joined": "2019-05-13T05:39:41Z",
        "groups": [],
        "user_permissions": [],
        "followers": [
            4
        ],
        "like_genres": [
            6,
            8,
            14,
            15
        ],
        "like_movies": [
            1,
            13,
            24,
            66,
            150,
            151,
            162,
            168,
            180,
            240,
            270,
            299,
            316,
            338,
            360,
            398,
            415,
            418,
            429,
            451,
            456,
            466,
            468,
            473,
            477,
            485
        ]
    }
},
{
    "model": "accounts.user",
    "pk": 2,
    "fields": {
        "password": "pbkdf2_sha256$120000$iEzaQ0U0c1Nk$dIwDvkejQls7NzUxealD9vvf71m5z8LhtxRtW6mAQnQ=",
        "last_login": "2019-05-15T04:44:40.294Z",
        "is_superuser": false,
        "username": "user4",
        "first_name": "",
        "last_name": "",
        "email": "",
        "is_staff": false,
        "is_active": true,
        "date_joined": "2019-05-13T08:32:57.601Z",
        "groups": [],
        "user_permissions": [],
        "followers": [
            4,
            11
        ],
        "like_genres": [
            1,
            11,
            12,
            15
        ],
        "like_movies": [
            254
        ]
    }
},
{
    "model": "accounts.user",
    "pk": 3,
    "fields": {
        "password": "pbkdf2_sha256$120000$gZhiGh5VKeps$XH7T227k+H/xzmKsujF6MH5WIS4J+5/C5Z3MeVD7PD0=",
        "last_login": "2019-05-15T04:50:17.779Z",
        "is_superuser": false,
        "username": "user5",
        "first_name": "",
        "last_name": "",
        "email": "",
        "is_staff": false,
        "is_active": true,
        "date_joined": "2019-05-13T08:33:42Z",
        "groups": [],
        "user_permissions": [],
        "followers": [
            1,
            2,
            3,
            4,
            5
        ],
        "like_genres": [
            1,
            5,
            7,
            10,
            15,
            17
        ],
        "like_movies": []
    }
},
{
    "model": "accounts.user",
    "pk": 4,
    "fields": {
        "password": "pbkdf2_sha256$120000$Fu5sKULrCSXy$jKbmo3VQRMtPWXlUB46XUSV3XLImuIrIVv9+MY7/9DQ=",
        "last_login": "2019-05-15T04:54:12.875Z",
        "is_superuser": false,
        "username": "user6",
        "first_name": "",
        "last_name": "",
        "email": "",
        "is_staff": false,
        "is_active": true,
        "date_joined": "2019-05-13T09:36:05.960Z",
        "groups": [],
        "user_permissions": [],
        "followers": [
            1,
            10
        ],
        "like_genres": [
            2,
            4,
            6,
            7,
            10,
            13,
            14,
            15
        ],
        "like_movies": []
    }
},
{
    "model": "accounts.user",
    "pk": 5,
    "fields": {
        "password": "pbkdf2_sha256$120000$YL9fzdeBzIUz$TNUsKb/OMYsS3QthBGJQlLEw32d29sY70NU7C5M3Ayg=",
        "last_login": "2019-05-15T05:00:04.863Z",
        "is_superuser": false,
        "username": "user7",
        "first_name": "",
        "last_name": "",
        "email": "",
        "is_staff": false,
        "is_active": true,
        "date_joined": "2019-05-13T10:54:09.441Z",
        "groups": [],
        "user_permissions": [],
        "followers": [],
        "like_genres": [
            1,
            3,
            4,
            6,
            7,
            8,
            14,
            15,
            16
        ],
        "like_movies": [
            350,
            382,
            398
        ]
    }
},
{
    "model": "accounts.user",
    "pk": 6,
    "fields": {
        "password": "pbkdf2_sha256$120000$w2txHJO6jDRW$yqby2JJrPQ2Tp/Fapb6rZAcoRBhQFdV56WjpV2/lc+I=",
        "last_login": "2019-05-15T05:02:14.365Z",
        "is_superuser": false,
        "username": "user8",
        "first_name": "",
        "last_name": "",
        "email": "",
        "is_staff": false,
        "is_active": true,
        "date_joined": "2019-05-15T05:02:14.177Z",
        "groups": [],
        "user_permissions": [],
        "followers": [],
        "like_genres": [
            2,
            5,
            9,
            11,
            16,
            17
        ],
        "like_movies": []
    }
},
{
    "model": "accounts.user",
    "pk": 7,
    "fields": {
        "password": "pbkdf2_sha256$120000$EeOds6Y61Wjc$aFY9gL8D0spDrbTlScwbHfkwqNy6H4iErWO01CGwp9w=",
        "last_login": "2019-05-15T05:16:18.965Z",
        "is_superuser": false,
        "username": "user9",
        "first_name": "",
        "last_name": "",
        "email": "",
        "is_staff": false,
        "is_active": true,
        "date_joined": "2019-05-15T05:16:18.800Z",
        "groups": [],
        "user_permissions": [],
        "followers": [
            10
        ],
        "like_genres": [
            2,
            4,
            7,
            8,
            10,
            13,
            16
        ],
        "like_movies": []
    }
},
{
    "model": "accounts.user",
    "pk": 8,
    "fields": {
        "password": "pbkdf2_sha256$120000$QLYRu03DiM9q$mtUQ4b+XcJo/GBG61jXNnQytmhDBQxsa7KOltkJnvtY=",
        "last_login": "2019-05-15T05:16:58.341Z",
        "is_superuser": false,
        "username": "user10",
        "first_name": "",
        "last_name": "",
        "email": "",
        "is_staff": false,
        "is_active": true,
        "date_joined": "2019-05-15T05:16:58.127Z",
        "groups": [],
        "user_permissions": [],
        "followers": [
            10
        ],
        "like_genres": [
            1,
            5,
            9,
            10
        ],
        "like_movies": []
    }
},
{
    "model": "accounts.user",
    "pk": 9,
    "fields": {
        "password": "pbkdf2_sha256$120000$lzDkodFizHhh$IFjm32AAr3iODzFniuEMtAjmYt0tkZ273aTQRORIO58=",
        "last_login": "2019-05-15T05:20:35.095Z",
        "is_superuser": false,
        "username": "user11",
        "first_name": "",
        "last_name": "",
        "email": "",
        "is_staff": false,
        "is_active": true,
        "date_joined": "2019-05-15T05:20:34.927Z",
        "groups": [],
        "user_permissions": [],
        "followers": [
            11
        ],
        "like_genres": [
            1,
            2,
            5,
            6,
            9,
            11,
            12,
            15
        ],
        "like_movies": [
            516
        ]
    }
},
{
    "model": "accounts.user",
    "pk": 10,
    "fields": {
        "password": "pbkdf2_sha256$120000$1lFiAPGAJDuP$g/J6kLNqTKAfnffCRaVCxy5C7hozYaBwHLN1MA8H6JI=",
        "last_login": "2019-05-16T06:20:21.801Z",
        "is_superuser": false,
        "username": "user12",
        "first_name": "",
        "last_name": "",
        "email": "",
        "is_staff": false,
        "is_active": true,
        "date_joined": "2019-05-15T05:21:49.079Z",
        "groups": [],
        "user_permissions": [],
        "followers": [
            1,
            11
        ],
        "like_genres": [
            6,
            15,
            17
        ],
        "like_movies": [
            110,
            411,
            446
        ]
    }
},
{
    "model": "accounts.user",
    "pk": 11,
    "fields": {
        "password": "pbkdf2_sha256$120000$nI21jwZczmw1$+9UQHcHXwk/KnvsllHNzT1QnlrUwAnPRPFF1EH37WnU=",
        "last_login": "2019-05-16T07:26:20.394Z",
        "is_superuser": false,
        "username": "testUser1",
        "first_name": "",
        "last_name": "",
        "email": "",
        "is_staff": false,
        "is_active": true,
        "date_joined": "2019-05-15T07:41:05.978Z",
        "groups": [],
        "user_permissions": [],
        "followers": [],
        "like_genres": [
            1,
            2,
            5,
            7,
            11,
            16,
            17
        ],
        "like_movies": [
            9,
            57,
            74,
            146,
            180,
            226,
            323,
            370,
            376,
            388,
            508
        ]
    }
},
{
    "model": "accounts.user",
    "pk": 12,
    "fields": {
        "password": "pbkdf2_sha256$120000$b3HyQReJVgme$2QtCmTQ584rvgwkZkOWbWcEJsPVVL8kYi1BO9aiKE9E=",
        "last_login": "2019-05-16T04:58:37.709Z",
        "is_superuser": false,
        "username": "testUser2",
        "first_name": "",
        "last_name": "",
        "email": "",
        "is_staff": false,
        "is_active": true,
        "date_joined": "2019-05-16T04:58:37.541Z",
        "groups": [],
        "user_permissions": [],
        "followers": [],
        "like_genres": [
            5,
            9,
            17
        ],
        "like_movies": []
    }
}
]
